,fname,summary
0,test_0, #Person1# 은 Ms. Dawson에게 사내 메모를 작성하고 배포할 것을 요청합니다.                               
1,test_1, #Person1# 과 #Person2# 는 교통체증으로 인해 출퇴근에 어려움을 겪고 있습니다. #Person1# 은 대중교통을 이용하는 것이 더 나은 선택이라고 생각합니다. 그들은 출근할 때 차를 타지 않기로 했습니다.             
2,test_2,  Kate는 Masha와 Hero가 두 달 동안 별거하다가 결국 이혼을 했다고 #Person1# 에게 말합니다.                         
3,test_3, #Person1# 은 Brian의 생일을 축하하기 위해 준비한 선물을 #Person2# 에게 준다.                                 
4,test_4, #Person1# 과 #Person2# 는 올림픽 공원의 크기와 시설에 대해 이야기하고 있다.                                    
5,test_5," #Person1# 은 #Person2# 에게 사업 계획서를 작성하고 투자자를 모으는 것이 어렵지 않다고 말합니다. #Person1# 는 사업 계획을 설명하고 아이디어를 어떻게 실현할지 설명할 수 있는 방법을 설명하고, 금융 분석으로 사업 시작의 번거로움을 피하라고 조언합니다. "
6,test_6," #Person1# 은 #Person2# 가 자꾸 긁어대는 것에 대해 불평합니다. #Person1# 는 수두에 걸린 것 같다고 말하며, 이는 바이오 위협물이라고 설명합니다.                   "
7,test_7, #Person1# 은 #Person2# 에게 세탁 서비스 요금에 다른 사람의 요금이 추가되었음을 알립니다.                                
8,test_8,  스티븐은 아내가 비서와 바람피운 것을 알게 되어 #Person1# 에게 이혼을 권유합니다.                                
9,test_9, #Person2# 는 #Person1# 에게 아브라함 링컨이 인품이 뛰어나고 자신의 목표를 포기하지 않은 점을 높이 평가합니다.                           
10,test_10," #Person2# 는 #Person1# 에게 중국 북부에 6급 강풍이 불고 있으며, 황사가 호흡기 감염을 유발한다고 설명합니다.                          "
11,test_11,  Francis는 자신의 생일 파티에 원격 조종 자동차 모델을 초대한다. #Person1# 은 그 차를 마음에 들어 한다.                          
12,test_12,  Steven은 Tony에게 부정행위를 한 것을 부끄러워하며 열심히 공부하라고 조언한다.                               
13,test_13,  톰은 8시 50분에 기차를 타야 해서 늦었습니다.                                       
14,test_14, #Person1# 은 #Person2# 에게 자신의 삶을 어떻게 조정해야 할지 조언을 구합니다.                                    
15,test_15," #Person1# 은 #Person2# 에게 Ruojia가 오늘 밤 파티에 참석할 것이라고 알리고, 와인잔과 결혼 축하 카드를 가져갈 것이라고 말합니다.                    "
16,test_16," #Person2# 는 #Person1# 에게 스트립을 잡아당기고, 뒷면을 떼어내면 된다고 설명합니다. 하지만 #Person2# 의 친구들은 그 행동이 잔인하다고 생각합니다.                  "
17,test_17, #Person1# 은 #Person2# 에게 자신의 여동생에 대해 이야기합니다.                                       
18,test_18, #Person1# 은 머리가 아파서 #Person2# 에게 도움을 요청합니다.                                        
19,test_19," #Person1# 은 새 휴대폰을 구매하려고 하며, #Person2# 는 카메라와 MP3 플레이어가 있는 모델을 추천합니다.                              "
20,test_20,"  주디는는 프랭크에게 새 직장이 업무 일정이 빡빡하다고 말하며, 직원들에게 좋은 건강보험 혜택을 제공한다고 설명한다.                        "
21,test_21," #Person2# 는 컴퓨터 프로그램을 작성하고 비서 업무를 수행할 수 있는 특별한 기술을 가지고 있으며, IBM-PC에 대한 경험이 있습니다.                            "
22,test_22," #Person1# 은 미디엄 레어 스테이크를 주문했으나, #Person2# 가 너무 익고 질긴 것 같다고 하자 #Person1# 이 다시 주문합니다.                      "
23,test_23, #Person1# 은 Tom의 소설이 노벨상을 받았다는 소식을 듣고 기뻐합니다.                                     
24,test_24, #Person1# 은 #Person2# 에게 자신이 학생 엔지니어로서 다양한 재료의 기계적 강도와 부식 저항성에 대해 연구했다고 설명합니다.                              
25,test_25," #Person2# 는 일주일에 두세 번 술을 많이 마십니다. #Person1# 은 보통 밤새 두 잔을 마시며, 에브에 있는 단테는 월요일에 5달러짜리 피처를 판매합니다. #Person2# 은 램 바 & 그릴에서 피처 프로모션을 제안합니다. "
26,test_26,  메이가 엄마가 다니엘에게 소풍을 준비하는 것을 도와달라고 요청합니다.                                           
27,test_27,  James는 Muriel Douglas 씨에게 새 계정을 소개하고 함께 Tahoe에 스키를 타러 갔던 경험을 이야기합니다.                     
28,test_28," #Person1# 은 바보 같은 여자아이에게 카드를 슬롯에 넣어 달라고 요청합니다. #Person2# 는 세계 야생동물 재단으로 10000달러를 이체하려 했으나, #Person1# 이 카드를 제거해 주었습니다.                "
29,test_29, #Person2# 는 #Person1# 에게 직장 동료들과의 대화에서 진심을 전하는 것이 중요하다고 설명합니다.                                       
30,test_30," #Person1# 은 Mr. Polly에게 가게에서 한 병의 음료수를 사달라고 요청했지만, M.P. 는 거절했습니다.                             "
31,test_31,  프랜시스는 모니카에게 재무 보고서를 금요일 오후 1시부터 4시까지 작업할 수 있는지 문의합니다.                                   
32,test_32," #Person2# 는 다음 주 인터뷰를 준비하기 위해 워크숍에 참가합니다. #Person1# 은 깔끔하고 적절하게 옷을 입고, 태도와 친절함을 중요시하며 정직하게 답변하라고 조언합니다.                     "
33,test_33,"  컷은 Mike에게 더 많은 분노를 보고 싶다고 말하며, Jason과 Laura는 그녀의 반응 방식에 따라 반응한다고 설명합니다.                       "
34,test_34,  Mrs. Todd는 아내가 쇼핑을 가자고 해서 #Person1# 에게 인사를 하러 왔다고 설명합니다.                                
35,test_35,"  빌은 이번 주에 매일 밤 열 시까지 일했고, 오늘은 집에 가서 푹 쉬기로 했습니다. #Person1# 의 형은 출장으로 인해 바쁘고, #Person2# 의 시계는 4시 30분을 가리키고 있습니다.               "
36,test_36,"  Simon은 내일 핵무기 확산을 막는 시위에 참석할 예정이다. #Person1# 은 시위가 정치인들의 생각을 바꾼다고 생각하지만, #Person2# 는 자신의 신념을 지키며 평화로운 시위를 준비해야 한다고 주장한다.             "
37,test_37, #Person1# 은 #Person2# 에게 누군가가 문을 두드리고 가스라고 하면 괜찮다고 생각한다고 말합니다.                                    
38,test_38,"  Maggie는 Mark에게 수업 때문에 노트를 빌릴 수 없다고 말하며, 수업에 필요한 노트가 없어서 도서관에서 복사하면 좋겠다고 제안한다.                       "
39,test_39,"  Turner 교수는 다음 학기에 지질학 고급 과목을 다시 수강할 수 있을지 문의합니다. #Person1# 은 Burman 교수님께 여쭤보고, 준비되었다고 판단되면 등록을 허락할 것입니다.             "
40,test_40, #Person1# 은 펜던트를 깨뜨려 #Person2# 에게 새 것으로 교환해 달라고 요청합니다.                                      
41,test_41, #Person1# 은 #Person2# 에게 이모가 준 스웨터가 너무 화려하다고 불평합니다. 그들은 오늘 오후에 박싱 데이 세일에 대해 이야기합니다.                            
42,test_42," #Person1# 은 미디어 업계에서 일하는 것이 재미있을 것 같다고 생각하고, #Person2# 는 잡지에 글을 쓰는 것을 제안합니다.                                 "
43,test_43," #Person1# 은 지루함을 느끼고 #Person2# 에게 지루한 연설을 멈추라고 요청합니다. #Person1# 는 아이팟과 헤드폰을 챙겼고,   는 옛날 신문을 읽어보라고 제안합니다.                  "
44,test_44,  사라는 #Person1# 에게 도시 중심지에서 멀리 떨어진 집을 사는 것이 비용을 절약할 수 있다고 조언합니다.                                    
45,test_45,  Mark Leach는 영국 관광청의 관광 사무소에서 정보 담당관으로 일하며 방문객들에게 13개의 언어로 관광 정보를 제공합니다. #Person1# 은 런던에서의 당일 여행과 2주간 여행을 제안합니다.               
46,test_46,  Lin Fang과 Nancy는 영어를 좋아하지만 둘 다 중국어를 선호한다.                                     
47,test_47,  James는 Mrs. Thomas에게 집의 낙엽을 치우고 산책할 수 있도록 도와달라고 요청합니다.                             
48,test_48," #Person1# 과 #Person2# 는 봄이 왔다고 생각하지만, 밤에는 여전히 너무 추운 날씨에 대해 이야기하고 있습니다.                               "
49,test_49,  컷은 Mike에게 그녀가 더 이상 그녀를 보지 않길 원한다고 말합니다. #Person2# 는 Jason과 Laura의 반응이 화와 슬픔이 동시에 나와야 한다고 생각합니다.             
50,test_50, #Person1# 은 #Person2# 에게 프렌드쉽 호텔로 빨리 가라고 요청합니다.                                     
51,test_51, #Person1# 은 #Person2# 에게 다른 버스를 타기 위해 돈을 빌리려 하지만 거절당합니다.                                  
52,test_52," #Person2# 는 #Person1# 에게 시내에서 차로 15분 거리에 있으며, 7층 건물의 6층과 7층을 사용하고 있다고 설명합니다.                            "
53,test_53, #Person1# 은 #Person2# 에게 Lulu가 Vic과 헤어져 전근 신청까지 했다고 말합니다.                                
54,test_54,  데이브 톰슨이 샐리에게 전화를 걸어 짐이 아직 돌아오지 않았다고 알립니다.                                  
55,test_55, #Person1# 은 #Person2# 에게 시청 가는 길을 안내합니다.                                           
56,test_56," #Person1# 은 여권을 잃어버려 #Person2# 에게 도움을 요청합니다. #Person1# 의 여권이 백화점 신발 코너에서 발견되지 않았으며, 대사관에 상황을 알리라고 요청했습니다.                     "
57,test_57,  Leah는 Nathaniel에게 Ms. Collins가 전화를 받지 못해 다음 주까지 돌아오지 못할 것 같다고 알립니다. Mr. Liu는 오늘 오후에 다른 사람과 약속을 잡으라고 요청합니다. 
58,test_58, #Person1# 과 #Person2# 는 Dick의 결혼 계획에 놀랐다. #Person1# 은 그녀가 왜 Sarah에게 마음을 주는지 이해할 수 없었기 때문이다.                       
59,test_59," #Person1# 과 #Person2# 는 파티에서 만난 금발 여자와 사랑에 빠졌습니다. #Person1# 은 그녀에게 말 걸어보라고 제안하지만,   는 여자에게 말 걸 때마다 긴장하고 바보처럼 보인다고 생각합니다. 결국 그들은 한 잔 더 마시기로 결정합니다.   "
60,test_60,  Jack은 이번 학기 수업 중 정치학 수업을 가장 좋아한다. #Person1# 은 비즈니스 커뮤니케이션 수업을 추천한다.                               
61,test_61," #Person1# 과 #Person2# 는 베이징의 가을과 겨울 날씨에 대해 이야기하고 있습니다. #Person1# 은 봄은 따뜻하지만 여름에는 너무 더운 것이 특징이며, 겨울에는 춥다고 말합니다.                "
62,test_62," #Person1# 은 #Person2# 에게 오늘 밤 공포 영화를 보자고 제안하지만, #Person1# 는 탐정 영화와 로맨스가 지루하다고 느낍니다. 결국 그들은 전쟁 영화를 보러 가기로 결정합니다.                 "
63,test_63,"  Adam은 #Person1# 에게 학교 건물에 대해 설명하며, 가장 높은 건물은 운동장 근처의 하얀 건물이고 그 건물에는 1,000,000권 이상의 책이 있다고 말합니다. 또한 #Person2# 는 학교에 수영장이 있다고 합니다.         "
64,test_64, #Person1# 과 #Person2# 는 임신 소식을 듣고 기뻐합니다.                                            
65,test_65, #Person2# 는 #Person1# 에게 John이 일주일에 일곱 번 그녀와 데이트를 한다고 말합니다.                                
66,test_66, #Person1# 은 #Person2# 에게 소프트웨어에 그림 그리기 프로그램을 추가하고 하드웨어도 업그레이드할 것을 제안합니다.                                
67,test_67," #Person2# 는 중국에서 왔으며, #Person1# 은 멕시코 출신입니다. #Person2# 의 나이는 26살이고 콜롬비아 출신으로 스페인어를 할 줄 압니다.                         "
68,test_68, #Person1# 은 #Person2# 에게 다이어트를 통해 체중을 감량하고 운동 수업을 가보라고 제안합니다.                                 
69,test_69,  James는 식당 홀의 창가 자리를 예약했으나 방이 준비되지 않았습니다. 웨이트리스가 그를 안내합니다.                             
70,test_70, #Person1# 은 #Person2# 에게 공장의 크기와 직원 수에 대해 설명합니다.                                      
71,test_71,"  Rebecca는 대학 졸업 후 첫 직장이 York Herald라는 지역 신문이었으며, 주니어 로컬 뉴스 리포터로 2년 동안 머물렀습니다. 이후 2006년에 그곳을 떠나 전국 신문사에서 자리를 찾았습니다.   "
72,test_72," #Person1# 은 #Person2# 에게 조별 발표를 위해 문구점에 가야 하며, 쇼핑 리스트 작성을 먼저 하라고 조언합니다. #Person1# 는 필요한 물건을 사려면 3번 선반에서 쇼핑할 것을 제안합니다.                 "
73,test_73,  Mary는 #Person1# 에게 인터넷으로 취업 지원 방법을 설명합니다. #Person2# 는 온라인으로 구직하는 것이 안전하다고 생각합니다.                             
74,test_74," #Person2# 는 쇼핑 예산을 짜고 있으며, 한 달에 300달러를 지출해야 합니다. #Person1# 은 고지서를 내야 합니다.                                  "
75,test_75,"  Henry는 병원에 가기 위해 7번 버스를 타야 하지만, Jane은 병원에 가기로 했습니다.                                "
76,test_76, #Person1# 은 #Person2# 에게 내년 판매 예측에 대해 이야기하기 위해 수요일 오전에 만나기로 했습니다. #Person1# 는 다음 주 화요일 오후 2시 30분에 만나자고 제안합니다.                   
77,test_77, #Person1# 은 #Person2# 에게 뉴욕 여행에 대한 조언을 제공합니다.                                          
78,test_78," #Person1# 은 Mr. Jackson의 회사에 대해 잘 알고 있으며, #Person2# 는 영업부에서 일하고 싶다고 제안합니다. #Person1# 는 현재 직장에서 월 2,000 위안을 받고 있으며, 수당과 보너스를 포함하면 약 3,000위안에 달한다고 설명합니다. "
79,test_79," #Person1# 은 계약서에 서명하기 위해 왔고, #Person2# 는 계약서가 준비되지 않았다고 설명합니다. 그들은 계약서 초안을 검토한 후 오늘 저녁에 계약서를 작성하기로 했습니다.                    "
80,test_80, #Person1# 은 #Person2# 에게 국경 근처에서 발생한 교통사고에 대해 설명합니다.                                         
81,test_81, #Person1# 이 #Person2# 에게 학교 보건실로 가는 길을 안내합니다.                                           
82,test_82," #Person1# 은 #Person2# 의 짐 엘리베이터 소음 때문에 방을 바꾸고 싶어 하지만, 오늘은 빈 방이 없어 내일까지만 기다려달라고 요청합니다.                              "
83,test_83," #Person1# 은 #Person2# 의 짐을 트렁크에 넣고, 베이징 호텔에서 저녁 연회에 초대합니다.                                     "
84,test_84, #Person1# 은 길을 잃었습니다. #Person2# 는 #Person1# 에게 유이창으로 가는 길을 안내합니다.                                   
85,test_85, #Person1# 은 컴퓨터가 멈춰서 #Person2# 에게 도움을 요청합니다.                                           
86,test_86, #Person1# 은 어머니 생신 선물로 금색 목걸이를 찾고 있습니다. #Person2# 는 #Person1# 에게 숫자가 크고 명확한 새 시계를 추천합니다.                          
87,test_87," #Person1# 은 Mr. Fisher에게 전화 대신 직접 만나 대화를 나누고, 발표 전에 커피와 스낵 뷔페를 준비할 것을 제안합니다. #Person2# 는 이에 동의합니다.                  "
88,test_88," #Person2# 는 #Person1# 에게 러시아와 캐나다의 차이점에 대해 설명합니다. 러시아에서는 모든 것이 빠르게 진행되지만, 캐나다에서는 은행 가는 데 몇 시간이 걸립니다. 캐나다 사람들은 보통 빠르게 움직이지만 공공 서비스는 여전히 느리다고 말합니다.         "
89,test_89, #Person1# 과 #Person2# 는 올해 휴가로 카리브해로 여행을 계획하고 있습니다.                                       
90,test_90, #Person1# 은 소풍에 가져갈 과일과 포도나 사과를 #Person2# 에게 가져가자고 제안합니다.                                   
91,test_91, #Person1# 은 #Person2# 에게 경제형 차량 렌트 비용과 운전면허증을 제시합니다.                                     
92,test_92," #Person1# 은 엘리베이터에서 웃으면 다른 사람들을 불편하게 만들 수 있다고 생각하지만, #Person2# 는 무표정한 사람들을 좋아하지 않는다.                             "
93,test_93, #Person1# 과 #Person2# 는 작년 판매 실적에 대해 이야기합니다. #Person1# 은 Wallace가 사장이 된 이후로 회사 성과가 좋아졌다고 말합니다. 또한 새로운 광고 캠페인으로 인해 판매자가 되었다고 언급합니다.               
94,test_94, #Person1# 은 가방을 도난당했습니다. #Person2# 는 #Person1# 에게 돈을 빌려주겠다고 제안합니다.                                   
95,test_95,"  Steven과 Lin은 베이징의 음식에 대해 이야기하며, 중국에서는 팁이 일반적이지 않다고 설명한다.                               "
96,test_96,"  빌은 룸메이트와 헤어졌고, Brain Locker에 대해 #Person1# 에게 설명합니다.                             "
97,test_97,  Tom Wilson은 4박 동안 호텔에서 식사 요금을 신용카드로 결제했습니다.                                   
98,test_98,"  카롤라이트 수잔이 샤워 중이라 캐롤이 중요한 전화인지 물어볼 수 없자, #Person1# 은 캐로에게 내일 밤 8시 반에 질의 집에서 디저트를 가져오라고 요청합니다.          "
99,test_99, #Person1# 은 예전에 Common Fitness Gym에서 일한 적이 있습니다. #Person2# 는 #Person1# 에게 모퉁이에 있는 Whole Bean Cafe에 가보라고 권유합니다.      
100,test_100," #Person1# 과 #Person2# 는 트럼프에 대한 믿음에 대해 이야기합니다. #Person1# 은 그가 미국을 다시 위대하게 만들 것이라고 믿지만,   는 그가 적임자가 아니라고 생각합니다.                 "
101,test_101, #Person1# 은 ATM을 사용하는 방법을 몰라 #Person2# 에게 도움을 요청합니다.                                     
102,test_102,  수잔 밀러는 John에게 사무실 절차에 관한 메모를 비서에게 전달하고 싶어 한다.                                
103,test_103, #Person1# 은 Lily에게 소풍을 같이 가자고 제안합니다. Lilly는 편한 옷과 걷기 좋은 신발을 준비할 것입니다.                        
104,test_104, #Person1# 은 #Person2# 에게 중국 연회에서 젓가락을 사용하는 방법과 중국 식탁에서 지켜야 할 규칙에 대해 설명합니다. #Person1# 는 숟가락을 그릇이나 접시에 가로 놓는 것이 죽은 사람에게 바치는 향 두 개를 닮았다고 불평합니다. 
105,test_105,  Mary와 Frank는 서로 좋아하는 장르에 대해 이야기한다. 그들은 영화관에 자주 가며 Movie Salon에서 영화를 빌려 본다.                    
106,test_106," #Person1# 은 #Person2# 에게 녹색당에 가입할 계획이 없다고 말합니다. #Person1# 는 환경 문제에 관심이 많고 많은 시간을 할애할 수 없었으며, 큰 정치 단체나 압력 단체도 큰 정당에 영향을 미칠 수 있다고 설명합니다.       "
107,test_107," #Person1# 은 Wilson 씨에게 사과하고, 사과 후 책임을 묻겠다고 약속합니다.                                    "
108,test_108, #Person1# 은 #Person2# 에게 강도 사건을 목격하고 경찰서에 오라고 요청합니다.                                     
109,test_109," #Person1# 은 #Person2# 에게 아빠가 엄마와 외식하러 가셨다고 말하고, 저녁은 각자 해결해야 한다고 설명한다.                            "
110,test_110, #Person1# 은 새해 결심으로 다이어트를 하기로 했습니다. #Person2# 는 #Person1# 에게 정크푸드를 제외한 모든 음식을 끊을 것이라고 말합니다.                        
111,test_111,"  Karen Huang은 터치톤 등록 시스템을 통해 Comp Lit 287 수업을 수강하려고 하지만, 컴퓨터가 승인하지 않아 수업에 들어갈 수 없습니다. #Person1# 은 전화 등록 시 코드 번호와 사용법을 안내해 줍니다.  "
112,test_112, #Person1# 은 우산을 쓰고 #Person2# 에게 함께 가자고 제안합니다.                                       
113,test_113,"  Daisy가 Jack에게 자신의 새로운 차를 태워달라고 요청하고, Jeck은 이를 수락한다.                            "
114,test_114, #Person2# 는 큰불이 밤에 일어났다고 #Person1# 에게 설명합니다.                                        
115,test_115, #Person1# 은 남편이 계산하려 하자 #Person2# 가 계산대까지 안내해 줍니다.                                    
116,test_116," #Person1# 은 차 세차를 원하며, #Person2# 는 일반 세차 패키지를 추천합니다.                                    "
117,test_117,"  해리는 아내와 함께 이집트로 휴가를 갈 계획이다. #Person1# 은 해리에게 배로 갈지, 비행기로 갈지 결정하라고 조언한다.                        "
118,test_118,  Johnson은 #Person1# 에게 웨이트 사용법을 설명하며 스트레칭을 잘 하고 각 기계의 진도를 추적할 수 있도록 멤버십 카드를 준비하라고 조언합니다.                
119,test_119," #Person1# 과 #Person2# 는 회사가 문을 닫아서 실직 중이며, #Person1# 은 먹고 살 정도의 일이라도 있으면 좋겠다고 생각합니다. 그들은 전기 기술자 프로그램에 대해 논의합니다.                   "
120,test_120, #Person1# 은 #Person2# 에게 강아지 밥과 목욕 서비스를 제공합니다.                                                           
121,test_121, #Person1# 은 집주인 아주머니께 받은 200달러 빚이 있어 에이든에게 돈을 빌려달라고 요청합니다. #Person2# 는 월요일에 돈을 빌리기로 했습니다.                                        
122,test_122, #Person1# 은 #Person2# 에게 자선 단체에서의 경험을 통해 많은 것을 배웠다고 말합니다.                                                      
123,test_123, #Person1# 은 #Person2# 에게 연락 방법을 문의합니다.                                                               
124,test_124, #Person1# 은 호텔에서 가장 잘 나가는 중국 요리로 모우탄과 베이징 오리 구이를 추천합니다.                                                      
125,test_125,"  Dan은 Angela에게 어제 샤워 중이었으며, 다음 주에 결혼한다고 말했다고 전한다. Dun은 Megan을 데리러 갈 예정이다.                                   "
126,test_126, #Person2# 는 #Person1# 에게 전통 그리스 요거트를 먼저 먹어보고 이탈리아 티라미수를 먹어보라고 제안합니다.                                                 
127,test_127,  Smith 씨는 #Person1# 에게 예일 대학교와 경제학을 전공했다고 설명합니다.                                                      
128,test_128, #Person1# 은 조카에게 줄 예쁜 선물로 디지털 바비를 구매하려고 합니다. #Person2# 는 세금 포함 $32.42를 지불하고 현금으로 결제합니다.                                           
129,test_129, #Person1# 은 #Person2# 가 41 사이즈의 운동화를 구매하도록 도와줍니다.                                                          
130,test_130, #Person1# 은 #Person2# 에게 과학박물관에 가기 위해 4번 플랫폼에서 기차를 타고 State Street 역으로 가는 방법을 안내합니다.                                             
131,test_131,"  사이먼은 #Person1# 에게 '단계적 은퇴'라고 불리는 제도에 참여하여 6개월 동안 일을 쉬고 이전의 회사에서 프로젝트 업무에 지원할 수 있게 되었다고 설명합니다. #Person2# 는 이 제도가 실험적이라고 생각하며, 다양한 업무가 게시될 수 있다고 말합니다.                   "
132,test_132,"  Rocky는 #Person1# 에게 여자 지식인 타입이라고 불평합니다. #Person2# 는 그녀가 항상 구두를 닦아주고 뒤치다꺼리를 해줄 여자는 찾을 수 없다고 말하며, 외향적이고 다정하며 사람을 차별하지 않는 여자를 좋아한다고 설명합니다. Rusty가 TV 저녁 식사와 개를 돌보러 갈 예정입니다. "
133,test_133," #Person1# 은 #Person2# 에게 어젯밤 폭풍으로 창문 몇 개가 부서졌지만, 큰 나무는 부러지지 않았다고 말합니다.                                              "
134,test_134, #Person1# 은 #Person2# 에게 TV를 보는 것이 지루하다고 말합니다. #Person1# 는 나가서 노는 것이 더 좋다고 생각합니다.                                               
135,test_135,  Ben은 #Person1# 에게 새 학교 생활에 적응하기 위해 내일 수업을 준비 중이라고 말합니다. #Person2# 는 수업 시작 시간과 휴식 시간을 알려줍니다.                                          
136,test_136,"  Adam은 무릎이 좋지 않다. #Person1# 은 #Person2# 에게 미시간과의 경기를 보고 싶다고 말하고, #Person3# 은 그에게 휴식을 권장한다.                                        "
137,test_137, #Person1# 은 #Person2# 에게 프린트를 부탁합니다.                                                               
138,test_138, #Person1# 은 커튼을 달기 위해 #Person2# 에게 도움을 요청합니다.                                                          
139,test_139," #Person1# 은 주말에 캠핑을 계획 중이며, Jack은 #Person1# 에게 달력 확인을 요청합니다.                                                  "
140,test_140," #Person1# 은 #Person2# 에게 큰 산불을 진화하기 위해 긴급 소집되어 밤낮으로 일했고, 임신한 것 같다고 말합니다. #Person1# 는 임신 사실을 알고 기뻐합니다.                                      "
141,test_141, #Person1# 은 딸이 대학 결정을 못 하고 있어 걱정하고 있습니다. #Person2# 는 #Person1# 에게 몇 가지 조언을 제공합니다.                                                 
142,test_142," #Person1# 은 #Person2# 에게 일자리를 잃으면 생계 유지에 어려움을 겪을 수 있다고 말합니다. #Person1# 는 상사가 정직하지 않다고 주장하지만,   는 저축을 통해 생활비를 충당할 수 있을 것이라고 생각합니다.                           "
143,test_143, #Person1# 은 #Person2# 에게 에딘버러 대학의 박사과정 학생이 영국에서 온 친구의 강연에 대해 이야기합니다.                                                 
144,test_144, #Person1# 은 John네 집에 가고 싶어 하지만 #Person2# 는 감기에 걸려 집에서 쉬라고 제안합니다.                                      
145,test_145,  Mr. Faber는 요크 호텔에 전화하여 7월 23일까지 더블 룸을 예약합니다.                                      
146,test_146," #Person1# 은 #Person2# 에게 웨스트 더비, 플랫, 그리고 John Godfrey의 사무실을 추천합니다. 그들은 일요일 10일까지 만날 예정입니다.                         "
147,test_147," #Person2# 는 #Person1# 에게 과속하지 않았다면 경찰이 정지당하지 않았을 것이라고 주장하지만, #Person2# 가 너무 늦었다고 반박합니다.                                 "
148,test_148,"  Danlene은 9월 10일 100대 컴퓨터 주문 건을 확인하기 위해 Steve에게 전화를 걸었으나, 인력이 부족하여 지연되었습니다. #Person1# 은 Daily에게 전화번호를 가르쳐 달라고 요청합니다.              "
149,test_149, #Person1# 과 #Person2# 는 워싱턴 포스트 신문의 사본과 로스앤젤레스 타임스의 역사에 대해 이야기합니다.                                        
150,test_150, #Person1# 은 컴퓨터에 바이러스가 들어와 이메일을 보낼 수 없다고 #Person2# 에게 말합니다.                                         
151,test_151, #Person1# 은 #Person2# 를 주말에 함께한 것에 대해 감사를 표합니다.                                              
152,test_152," #Person1# 은 중국 음식을 먹고 싶어 하고, #Person2# 는 Panda Express에 가기로 결정합니다.                                     "
153,test_153,"  메리는 Hans 가구 매장에서 영업직을 제안받았지만, 다른 후보자가 더 많은 경험이 있어 거절했습니다.                                       "
154,test_154, #Person1# 은 #Person2# 에게 열 번호로 전화하면 경찰에 신고할 것이라고 말합니다.                                           
155,test_155," #Person1# 은 음악 교사가 되고 싶어 합니다. #Person2# 는 #Person1# 에게 클래식 음악이 뇌에 좋다고 말하며, 클래식 음악을 듣는 것이 사람의 감정과 성격에 긍정적인 영향을 준다고 설명합니다. 또한 학생들이 스트레스를 받을 수 있다고 언급하며, 저녁에는 주로 모차르트나 바흐를 듣는다고 합니다. "
156,test_156," #Person1# 은 #Person2# 에게 같은 건물에 사는 미국 여자를 만났다고 말하며, 곧 저녁 식사에 초대할 계획이라고 한다.                                    "
157,test_157, #Person2# 는 #Person1# 에게 Mirella가 Silicon Valley에서 회의에 참석한 후 계속 청바지에 스웨트셔츠를 입고 출근한다고 말합니다. 캘리포니아의 경우 IT 산업의 영향으로 인해 사람들이 더 편한 옷을 입고 일하고 싶어한다고 설명합니다.    
158,test_158, #Person1# 은 #Person2# 에게 법률 사무소를 차리고 싶다고 말합니다.                                             
159,test_159,  Peter는 Kate에게 어젯밤에 온라인에서 친구들과 게임을 했다고 말합니다.                                          
160,test_160," #Person1# 과 #Person2# 는 배와 보트가 기차, 비행기, 자동차에게 자리를 내주고 있다고 생각합니다.                                       "
161,test_161,  Fanny와 Andy는 어젯밤에 겪은 어지러운 악몽에 대해 이야기한다. 이후 두 사람은 미시간 대학교에 들어갈까 봐 걱정하고 있다.                       
162,test_162," #Person1# 과 Ernie는 밴드를 시작할 계획이며, Vanilla Ice 노래를 추천합니다.                                       "
163,test_163," #Person1# 은 #Person2# 에게 뉴올리언스로 여행을 다녀왔다고 말하고, 강변 저녁 유람선 투어를 제안합니다.                                 "
164,test_164, #Person1# 은 #Person2# 의 사이즈를 마음에 들어 하여 신용카드로 결제합니다.                                              
165,test_165,"  Blake씨가 Foster에게 교육 매뉴얼을 내일 오후에 그의 사무실에 가져다줄 수 있는지 문의했으나, 인쇄소에서 복사 중이라 내일 1시 전에 돌아올 것이라고 했습니다.                    "
166,test_166," #Person1# 은 #Person2# 에게 휴가 동안 어디로 갈지 물어보고, 여행 계획을 설명합니다.                                          "
167,test_167," #Person1# 은 #Person2# 에게 파멜라의 비행기 타기를 재촉하며, 그녀가 없는 동안 그녀를 잘 돌봐 달라고 부탁합니다. #Person1# 는 그 부탁을 들어줍니다.                         "
168,test_168, #Person1# 은 #Person2# 에게 77번 도로에서 걸어서 갈 수 있는 12번 버스를 추천합니다.                                       
169,test_169," #Person2# 는 #Person1# 에게 무슬림들이 메카로 성지순례 가는 이유와 순례 중 사고가 자주 발생한다고 설명합니다. 또한, 사람들이 치유받으러 가는 장소로 루르드를 언급합니다.                 "
170,test_170, #Person1# 은 #Person2# 에게 중앙 백화점으로 가는 길을 안내합니다.                                               
171,test_171, #Person1# 은 #Person2# 에게 다음 주 동안 런던에 함께 가자고 제안합니다. 그들은 기차보다 자동차를 선호합니다.                                    
172,test_172,"  톰은 샌드위치를 받았지만 치킨이 익었다. 케서린은 맥도날드와 KFC 같은 유명 브랜드들이 미국에는 거의 없다고 생각한다. 톰도 패스트푸드가 건강에 좋지 않다고 생각하지만, #Person1# 은 그것이 믿기 어려울 수도 있다고 말한다.      "
173,test_173," #Person1# 은 #Person2# 에게 레모네이드, 바비큐 윙, 베이비 백 립을 주문합니다.                                   "
174,test_174, #Person1# 은 #Person2# 가 더블 치즈버거와 중간 사이즈 펩시를 주문하도록 도와줍니다.                                      
175,test_175, #Person1# 은 #Person2# 에게 반숙 계란과 프라이드 에그를 먹으라고 제안합니다.                                       
176,test_176, #Person1# 은 #Person2# 에게 그랜드 호텔로 가는 길을 안내합니다.                                               
177,test_177, #Person1# 은 아이들에게 미국 경찰이 어떻게 생겼는지 보여주고 싶어 사진 촬영을 원합니다.                                              
178,test_178, #Person2# 는 #Person1# 에게 세 블록 떨어진 곳에 선셋 호텔이 있다고 안내합니다.                                           
179,test_179, #Person1# 은 미국에 공부하러 가기 위해 비자를 신청했습니다. #Person2# 는 미국 비자 신청이 매우 어렵다고 생각합니다. #Person1# 는 많은 사람들이 서류 작성이 엄격하고 필수 서류를 빠뜨린다고 설명합니다.                
180,test_180,  Anne은 #Person1# 에게 피곤해서 일찍 자고 싶다고 말합니다. #Person2# 는 그에게 내일 밤에 펍에서 술 한잔하자고 제안합니다.                            
181,test_181, #Person1# 은 Mary에게 인터넷 쇼핑이 편리하고 시간과 비용을 절약한다고 설명합니다. #Person2# 는 온라인 은행 계좌를 개설해야 한다고 제안합니다.                               
182,test_182, #Person1# 은 #Person2# 에게 미국식 회계에 대해 설명합니다.                                               
183,test_183,"  제인은 피터에게 여름 휴가 계획에 대해 묻습니다. 피터는 여름에 시안을 방문할 계획을 세우고 있으며, 제인과 함께 하얼빈으로 가기로 결정합니다.                           "
184,test_184," #Person1# 은 딸을 위해 로맨스 영화들을 빌리고 싶어 합니다. #Person2# 는 영화 대여를 추적하기 위해 발급하는 회원 양식을 설명하고, 신작은 3.50달러에 영화 5편을 대여할 수 있다고 안내합니다.                "
185,test_185, #Person1# 은 Mr. Lee에게 소포를 전달하기 위해 잠시 기다리자고 제안합니다.                                        
186,test_186, #Person1# 은 #Person2# 에게 공항이 닫혀 내일 아침까지 비행기가 출발하지 않는다고 알립니다. 두 사람은 함께 방을 사용해야 합니다.                                
187,test_187," #Person1# 은 #Person2# 에게 컴퓨터 도움으로 음식을 대접하자고 제안하지만, #Person1# 이 초보라서 거절합니다.                                     "
188,test_188, #Person1# 은 성적에 대한 걱정 때문에 잠을 잘 못 자고 있습니다. #Person2# 는 #Person1# 에게 요가 수업을 듣거나 이완 테크닉을 배우는 것이 스트레스 극복에 도움이 될 수 있다고 조언합니다. 또한 하루 종일 컴퓨터만 보거나 이메일만 확인하다가 수업 공부를 하지 못하는 학생들이 많다고 합니다. 
189,test_189, #Person1# 은 #Person2# 에게 주방을 확 바꾸고 싶다고 말합니다.                                             
190,test_190,  Walter와 Sterling은 새 선생님에 대해 이야기한다.                                             
191,test_191, #Person2# 는 검사 결과를 확인하기 위해 상담할 수 있는 시간을 예약했습니다. #Person1# 은 #Person2# 에게 오늘 오후에 다시 만나자고 제안합니다.                               
192,test_192,  Martin은 Eliza 선생님에게 주말에 용돈을 벌기 위해 일하고 있다고 말합니다. Lamb 선생님은 그녀의 문제 해결에 많은 도움을 주었습니다.                 
193,test_193, #Person1# 은 #Person2# 의 도움으로 1등급 소포를 2등급으로 이송합니다.                                    
194,test_194, #Person1# 은 Linda에게 호텔 방 어디에도 자신의 휴대폰이 없다는 사실을 알립니다. 그래서 #Person2# 는 #Person1# 에게 핸드폰을 빵집에 두고 오라고 조언합니다.                 
195,test_195," #Person1# 은 #Person2# 에게 로스앤젤레스의 아름다움을 설명하고, #Person1# 이 이틀 더 머무르기로 했습니다.                            "
196,test_196," #Person2# 는 여름 방학 동안 사업 수업을 듣고, 삼촌 회사에서 아르바이트를 하며 경험을 쌓을 계획이다. #Person1# 은 미래에 대해 생각하지 않는다.                      "
197,test_197,  Mary는 우유를 배달하러 갔다가 12번 집의 정원 문이 잠겨 있는 것을 발견하고 울타리를 넘어 문 쪽으로 가려고 했습니다. 그런데 갑자기 큰 개가 다가와 정원 안에서 크게 짖었습니다.      
198,test_198, #Person1# 은 #Person2# 에게 회사에서 6년 동안 근무한 경험과 새로운 기술 개발에 대한 조언을 제공합니다.                               
199,test_199, #Person1# 은 #Person2# 에게 보통 예금 통장에 이자가 붙는 이유에 대해 설명합니다.                                  
200,test_200, #Person1# 은 처음으로 중국에 와서 중국 음식을 먹어보고 싶어 합니다. #Person2# 는 #Person1# 에게 광동 요리와 베이징 오리구이를 추천합니다.                        
201,test_201, #Person1# 은 #Person2# 에게 양털 배송이 지연될까 걱정하고 있다고 말합니다. #Person1# 는   의 요청에 따라 계약서에 서명하기로 했습니다.                   
202,test_202, #Person1# 은 방에서 독서등을 깨뜨려 #Person2# 에게 변상 요청을 했습니다.                                  
203,test_203," #Person1# 은 #Person2# 에게 2006 회계연도 마케팅 계획에 대해 설명합니다. #Person1# 는 해외 시장에서의 유통을 두 배로 늘리는 목표를 세웠으며, 시장의 원래 상태, 둘째, 전년도 우리의 마케팅 수치, 셋째, 올해의 최종 판매 수치를 고려했습니다. "
204,test_204," #Person1# 과 #Person2# 는 휴가 계획에 대해 이야기합니다. #Person1# 은 파리에서 출발하여 밀라노로 갈 예정이며, 에든버러 페스티벌에 참석할 계획입니다.                  "
205,test_205,  Jimmy Fox는 중형차를 예약했으나 차가 모두 나가고 예약을 유지하는 것이 중요한 부분입니다. #Person1# 은 작은 차와 포드 포커스를 선택했습니다.                
206,test_206," #Person1# 은 #Person2# 에게 서재에서 카드게임을 하라고 하지만, #Person1# 이 숙제를 다 끝냈으니 소리내지 말라고 경고합니다.                      "
207,test_207,  Mr. Jones는 Ann에게 이번 주 회계사와 회의 일정을 설명합니다.                                 
208,test_208, #Person1# 은 #Person2# 에게 세계 지도를 보여주며 나라별로 지도가 표시되어 있지 않다고 설명합니다. #Person1# 는 세계 대부분이 물로 덮여 있다고 생각합니다.                   
209,test_209, #Person1# 은 방에 담배 냄새가 나서 금연 방을 예약했습니다. #Person2# 는 도어맨이 짐 옮기는 것을 도와주겠다고 했습니다.                          
210,test_210," #Person1# 은 Bill에게 젖어 있는 페인트에 손대지 말라고 주의를 주었지만, 그들은 표지판을 가지러 창고로 갔습니다.                      "
211,test_211, #Person1# 과 #Person2# 는 즐거운 시간을 보냈습니다. 그들은 다음 주에 다시 만나기로 했습니다.                                  
212,test_212,  Jim은 Bill에게 Dick의 아팠던 경험을 이야기한다.                                    
213,test_213, #Person1# 은 #Person2# 에게 회사가 야근과 보너스를 강요하고 있다고 말합니다.   는 #Person1# 이 일을 그만두는 것이 낫다고 생각합니다.                    
214,test_214,  Lisa는 #Person1# 에게 남편이 바람 피우고 있다는 사실을 알게 되었다고 말합니다. #Person2# 는 남편이 두 달 전부터 다른 사람을 만나고 있음을 알게 된 후 잘못을 자백했다고 설명합니다.             
215,test_215, #Person2# 는 #Person1# 에게 의사 선생님께서 너무 많이 먹고 있다고 판단하여 빨간 고기와 식단을 정리하라고 조언했습니다.                            
216,test_216," #Person1# 은 #Person2# 에게 맹세를 지키라고 설득하지만, #Person1# 는 떠난다.                                 "
217,test_217," #Person1# 은 #Person2# 에게 도서관을 어떻게 이용하는지 설명하고, 회화 영어 관련 책 두 권을 대출할 수 있는지 문의합니다.                       "
218,test_218, #Person1# 과 #Person2# 는 날씨에 대해 이야기하며 점심을 먹자고 제안합니다. #Person1# 은 날씨가 좋으면 해변에 가는 것을 추천합니다.                      
219,test_219, #Person1# 은 #Person2# 에게 카메라를 잠시 맡기고 나중에 돌려받기로 했습니다.                                  
220,test_220, #Person2# 는 #Person1# 에게 대출 신청에 대한 정보를 제공합니다. #Person2# 의 신용 점수가 너무 낮기 때문입니다.                          
221,test_221,  모니카는 #Person1# 의 발표가 설득력 있었고 클라이언트들이 이 프로젝트에 투자할 것이라고 확신할 수 있도록 최선을 다했다.                     
222,test_222,"  톰은 #Person2# 에게 아침에 뛰는 것을 시도해보라고 제안하고, #Person1# 은 이에 동의한다.                              "
223,test_223, #Person1# 이 #Person2# 에게 일본 레스토랑의 영업 시간과 저녁 마지막 주문을 안내합니다.                                 
224,test_224, #Person1# 은 Simpson 씨에게 목요일에 점심을 함께 하자고 제안합니다.                               
225,test_225, #Person2# 는 데이트 상대와 레스토랑에 가려고 합니다. #Person1# 은 #Person2# 에게 그레이머시 타번의 레스토랑을 추천합니다.                     
226,test_226, #Person1# 은 #Person2# 에게 50달러를 지불합니다.                                       
227,test_227," #Person1# 은 #Person2# 에게 자신의 나라에서는 축구를 좋아하고, 테니스를 좋아하며, 익스트림 스포츠는 소수만 즐긴다고 말한다. #Person1# 는 정기적으로 골프를 친다.            "
228,test_228," #Person1# 은 #Person2# 에게 핀란드 헬싱키로 가는 항공편을 예약해 달라고 요청합니다. #Person1# 는 가격이 $980이라고 설명하며, 솔트레이크시티에서 뉴욕 케네디 공항까지 1070편으로 갈아타는 일정을 안내합니다. "
229,test_229, #Person2# 는 디즈니 월드에 처음 방문합니다.                                        
230,test_230, #Person1# 은 #Person2# 에게 호주의 그레이트 배리어 리프를 방문하고 싶다고 말합니다.                             
231,test_231,"  Laura는 헬스장에 가려고 한다. #Person1# 은 걷기와 스포츠를 즐긴다. #Person2# 는 학교 다닐 때 이후로는 야구나 테니스를 하지 않았지만, 이제는 시합하기 어려워 운동을 시작했다.     "
232,test_232," #Person1# 은 #Person2# 에게 로스앤젤레스에서 태어났고, 열네 살 때 이곳에 와서 고등학교를 다녔으며, 유럽에 잠시 머물렀다고 말합니다.                     "
233,test_233, #Person2# 는 #Person1# 에게 새 정장이 큰 쇼핑센터에서 구입했다고 말합니다.                                  
234,test_234,  Robin은 Ann에게 mountain lake cycle tour가 체력 증진과 재미를 위해 매년 기록을 갱신하려고 한다고 설명합니다. 참가자들은 평균적으로 7~9시간 자전거를 타고 출발합니다. 
235,test_235," #Person1# 은 #Person2# 에게 아페리티프, 싱어, 싱어를 주문합니다.                                 "
236,test_236,  Eric과 Gregory는 점심을 먹기 위해 함께 가기로 했습니다. 그들은 번지 점프를 하며 서로에게 도전하도록 격려했습니다.                  
237,test_237," #Person1# 은 2차 세계대전에 관한 정보를 찾고 싶어하며, #Person2# 는 #Person1# 에게 노르망디 상륙작전에 대한 정보를 제공합니다.                     "
238,test_238, #Person1# 은 #Person2# 에게 근육의 선명도를 위해 더 가벼운 무게의 기계를 사용하라고 권장합니다.                           
239,test_239, #Person1# 은 #Person2# 에게 캠퍼스 안에 학생들을 위한 주차 건물이 있다고 안내합니다.                                 
240,test_240,"  Susan은 Emily에게 FICA와 SUI 세금이 Federal Insurance Contribution Act의 약자인 연방 소득세, 사회보장세, Medicare를 포함한 연방 공제라고 설명한다. "
241,test_241, #Person2# 는 #Person1# 에게 자판기가 까다로울 수 있다고 설명합니다. #Person2# 은 슬롯에 돈을 넣으라고 제안합니다.                             
242,test_242, #Person1# 은 태국에 있는 여자친구를 만나러 가고 싶어 한다. #Person2# 는 #Person1# 에게 인터넷 덕분에 사람들 간의 소통이 빨라졌다고 말한다.                           
243,test_243,  케이트 새 가구 세트를 구매하고 새 카펫을 #Person1# 에게 보여주며 감사의 인사를 전합니다.                                   
244,test_244,"  Bill은 #Person1# 에게 자신의 하루 운동 일정표를 설명하며, 일주일에 세 번 수영과 라켓볼, 핸드볼을 해야 한다고 말합니다.                          "
245,test_245,"  마켓은 올해 졸업하기 위해 과학 과목에 등록할 계획이다. #Person1# 은 생물, 화학, 수학, 물리학을 선택해야 한다고 조언한다.                           "
246,test_246,"  Tim은 #Person1# 에게 환경친화적인 삶을 사는 방법에 대해 이야기해 달라고 요청합니다. 그는 과학 수업에서 환경에 대해 많이 배웠고, 학교 매점에서 많은 양의 쓰레기를 줄일 수 있다고 말합니다.              "
247,test_247,  토니는 크리스마스가 다가오자 피곤함을 느끼고 있다. #Person1# 은 토니에게 쇼핑센터 장난감 부서에서 일하는 경험을 이야기한다.                             
248,test_248,"  Sue는 Bill에게 생일 파티에서 자신이 직접 만든 케이크를 먹어보라고 제안한다. Su는 다이어트 중이거나 특정 음식을 피하는 것이 아니며, Jill이 가져온 샌드위치도 먹지 않았다고 설명한다. 두 사람은 파티에 함께 가기로 한다. "
249,test_249," #Person1# 은 여름 옷을 찾고 있으며, #Person2# 는 #Person1# 에게 티셔츠를 추천합니다.   는 이 티셔츠에 어울리는 치마와 바지를 구매합니다.                          "
250,test_250, #Person1# 은 지난달 예약한 표를 72시간 내에 재확인하지 않아 예약이 취소되었습니다.                                        
251,test_251, #Person1# 은 #Person2# 에게 부활절에 교회에 가서 점심을 먹으러 간다고 말합니다.                                    
252,test_252," #Person1# 은 #Person2# 에게 아들에게 나쁜 습관이 생겼다고 말하며, 토니에게 애정과 인내심, 존중으로 대하라고 조언합니다.                           "
253,test_253, #Person1# 은 #Person2# 에게 친구 Julie와 Alex가 결혼한다는 소식을 전합니다. #Person1# 과 친구 Wendy는 파티에 참석할 예정입니다.                       
254,test_254, #Person1# 은 투표용지를 받을 수 없어 #Person2# 에게 도움을 요청합니다.                                          
255,test_255," #Person1# 은 #Person2# 에게 회사가 곧 인원 감축을 한다고 전하며, 조지와 마이클이 해고될 수도 있다고 말합니다. #Person1# 과   는 걱정하고 있습니다.                       "
256,test_256, #Person2# 는 #Person1# 에게 최근 중국 드라마 '중국식 이혼'을 보고 있다고 말합니다. #Person2# 의 삶은 계속 변하는 세상에서의 어려움을 반영한다고 생각합니다.                         
257,test_257," #Person1# 은 Judy에게 교통비, 호텔비, 그리고 청년호스텔 예산에 대해 설명합니다.                                    "
258,test_258, #Person1# 은 #Person2# 에게 메리가 제로드와 결혼했다고 전합니다.                                          
259,test_259," #Person1# 은 지갑을 도난당했고, #Person2# 는 #Person1# 에게 50달러를 빌리기로 했습니다.                                  "
260,test_260," #Person1# 은 #Person2# 에게 Murphy Music과 U-Tunes가 합병한다는 소식을 전하며, 경쟁에서 살아남기 위해 합병할 것이라고 말합니다.                     "
261,test_261,  톰은 조가 자신의 새 조수 톰을 잘 도와준다. 조는 톰이 모두에게 잘한다고 생각한다.                                 
262,test_262,  Sarah는 회의 주제가 사무실 워크플로우 개선이었음에도 불구하고 아무도 자신의 의견을 들어주지 않아 속상해하고 있다. #Person1# 은 회의의 효율성을 높이기 위해 짧고 간결한 설명이 필요하다고 조언한다.          
263,test_263," #Person2# 는 #Person1# 에게 사람들이 메카로 순례를 간다고 설명하며, 매년 하즈에 가는 사람들이 많아 사고가 빈번하게 발생한다고 말합니다. 이는 사우디 정부가 사고의 가능성을 줄이기 위해 순례자 수를 제한하고 있기 때문이라고 설명합니다.       "
264,test_264,"  Ted는 Mike에게 Jenny가 자신을 좋아한다고 말하라고 조언하지만, Mickel은 거절할 수 없다고 합니다.                  "
265,test_265, #Person1# 은 #Person2# 에게 화를 가라앉히기 위한 방법으로 음악을 듣거나 운동을 권장합니다.                             
266,test_266, #Person1# 은 뉴질랜드에 있는 가족에 대해 #Person2# 에게 이야기합니다. #Person1# 의 가족은 Bill의 삼촌 Jack과 그의 외삼촌 Sarah의 두 딸입니다.        
267,test_267,  Stuart 씨가 도시 마라톤에서 우승하여 기뻐합니다.                                     
268,test_268," #Person2# 는 아이들과 아내를 위한 선물을 고르고 있습니다. #Person1# 은 #Person2# 에게 미국보다 훨씬 저렴한 스니커즈를 추천하지만,   는 가격이 비싸다고 느낍니다. 결국, 두 사람은 DENY 브랜드를 선택합니다. "
269,test_269, #Person1# 은 홍에게 영국으로 전화하기 위해 현지 SIM 카드를 사용하라고 제안합니다. 홍은 비용으로 100위안을 지불합니다.                     
270,test_270," #Person1# 은 Mr. Brown을 채용하기로 결정하면 초기에는 한 달에 2,500위안을 지급할 것입니다.                       "
271,test_271," #Person1# 과 #Person2# 는 Barry가 너무 야심차고 정직하지 않다고 생각하지만, #Person1# 은 Paul이 정중하고 신중하며 수줍음이 많다고 생각합니다.        "
272,test_272," #Person2# 는 파사디나나 아카디아에 관심이 있으며, #Person1# 은 특정 학군 내에 머물고 싶다고 말합니다.                      "
273,test_273, #Person1# 은 Grant 씨에게 샘플을 보고 결정을 내리기 위해 전화를 걸었습니다.                            
274,test_274, #Person1# 은 #Person2# 에게 PHS에서 Sons으로 가는 직행 버스 정보를 제공합니다.                           
275,test_275, #Person1# 은 Mrs. Word를 집까지 태워다 줍니다.                              
276,test_276, #Person1# 은 #Person2# 에게 침대에서 벗어나 침대에 누워 어깨 엑스레이를 찍으라고 제안합니다.                          
277,test_277,  설리는 호텔 로비 바에서 방으로 요금 청구할 때 사용한 카드를 잃어버려 IBA 고객 서비스부에 도움을 요청했습니다.                        
278,test_278, #Person1# 은 #Person2# 에게 낮잠을 자고 저녁 준비를 시작하라고 제안합니다.                                
279,test_279," #Person1# 은 #Person2# 에게 중국 음식을 주문하고 앞쪽 테이블에 앉으라고 요청합니다. #Person1# 이 음식과 음료를 제공하고,   는 밸류 밀 두 개와 고추장을 주문합니다.       "
280,test_280," #Person2# 는 #Person1# 에게 식기를 챙기고, 줄을 서며 음식을 주문합니다.                               "
281,test_281,"  Lucy는 Stanley가 노래를 불러달라고 요청했지만, #Person1# 은 거절했다.                            "
282,test_282, #Person2# 는 집에서 보는 비디오 플레이어가 영화관을 대체할 것이라는 #Person1# 의 의견에 동의합니다.                             
283,test_283," #Person1# 은 #Person2# 에게 가벼운 갈색 드레스를 추천하고, #Person1# 는 하얀색을 선호합니다.                           "
284,test_284,"  Joshua는 #Person1# 에게 용돈으로 13달러를 주고, 은행에서 비밀 돈통을 사용할 계획입니다.                      "
285,test_285," #Person1# 은 Mike의 생일 파티 초대장을 받았고, #Person2# 는 #Person1# 에게 전화를 걸어 물어보기로 했다.                      "
286,test_286," #Person1# 은 소포를 우선우편으로 보내고 싶어 하고, #Person2# 는 보험을 들어줄 것을 요청합니다.                            "
287,test_287, #Person1# 과 #Person2# 는 중국에서의 끔찍한 자연재해에 대해 이야기합니다. #Person1# 은 원촨의 강진을 경험한 경험을 공유합니다.                    
288,test_288," #Person2# 는 #Person1# 에게 날씨가 매우 지독하다고 말하며, 장마가 곧 끝날 것이라고 말합니다.                                         "
289,test_289," #Person1# 과 #Person2# 는 배구 경기 후 올림픽 기념품 가게에 가기로 결정했습니다. #Person1# 은 올림픽 마스코트를 사고 싶어 하고,   는 다섯 개의 인형이 세트로 팔리고 크기에 따라 가격이 다르다고 설명합니다.              "
290,test_290, #Person1# 은 #Person2# 의 도움으로 알루미늄 팬을 구매합니다.                                              
291,test_291, #Person1# 과 #Person2# 는 퇴근 후 함께 차를 타고 가기로 했습니다.                                               
292,test_292, #Person1# 은 Mr. Becker에게 워싱턴의 관료들이 그들의 직업을 선호한다고 말합니다. 그들은 급여와 근무 조건에 대해 이야기합니다.                               
293,test_293,"  Pete는 Henry Johnson에게 베이징 사무실에서 1년 넘게 일하고 있는 Penny를 소개합니다. 두 사람은 브루클린에서 태어나 브루나이에서 자랐으며, 중국에서 생활하고 있습니다. Pte와 Hender는 중국에서의 생활에 대해 이야기합니다. "
294,test_294,  Julie는 Mr. Jones에게 식중독으로 인한 아팠던 경험을 이야기합니다. 의사 선생님은 식사 후 치킨을 사서 속이 안 좋았다고 말합니다. Jillie도 그 경험을 공유합니다.                 
295,test_295,  Mike는 #Person1# 에게 친구들이 오늘 오후에 오기 때문에 음료수와 설탕을 사오라고 요청합니다.                                   
296,test_296," #Person1# 과 #Person2# 는 긴 버스 여행에 대해 이야기합니다. #Person1# 은 버스가 불편하다고 느끼고,   는 환경에 덜 해로워서 버스를 탔다고 말합니다.                          "
297,test_297," #Person1# 은 #Person2# 에게 자신이 여행과 사람 만나는 것을 좋아하며, 외국어 능력도 뛰어나다고 말합니다.                                       "
298,test_298,  에이미는 지미가 어제 저녁에 제니와 빌이 피크닉 초대를 받아 베이하이 공원에 갔다고 에이미에게 말한다. 이후 지미는 제니에게 빌과 함께 바에서 점심을 먹으며 즐거운 시간을 보냈다고 한다.             
299,test_299,  Peter는 #Person1# 에게 정원에 물을 줘야 한다고 요청합니다. #Person2# 는 그 말을 듣고 기분이 좋아집니다.                                   
300,test_300, #Person1# 은 #Person2# 에게 긴급 회의를 최대한 빨리 소집할 것을 요청합니다.                                              
301,test_301, #Person1# 은 #Person2# 에게 편지에 필요한 무게를 측정하고 등기로 보내는 비용을 안내합니다.                                           
302,test_302, #Person1# 은 Mr. Smith에게 가려움증과 화끈거림을 완화하는 항생제와 크림을 처방합니다.                                  
303,test_303, #Person1# 은 손재주가 뛰어난 중국 공예품을 집에 몇 가지 사가고 싶어 합니다. #Person2# 는 독특한 중국식이면서 운반이 쉬운 품목을 추천합니다.                              
304,test_304, #Person2# 는 #Person1# 에게 에펠탑의 높이가 320미터 (1050피트)라고 설명합니다.                                     
305,test_305,"  Brian은 #Person1# 에게 미국에서 영어를 배우고 있으며, 라스베이거스는 한 번도 방문한 적이 없다고 말합니다.                                    "
306,test_306, #Person1# 은 #Person2# 에게 걱정하지 말라고 격려합니다.                                                 
307,test_307," #Person2# 는 #Person1# 에게 모든 것이 계획대로 착착 진행되었다고 말하며, 경고 없이 곧 문제가 생길 것이라고 경고합니다.                                    "
308,test_308, #Person1# 과 #Person2# 는 John과 그녀의 데이트에 대해 이야기합니다.                                            
309,test_309," #Person1# 과 #Person2# 는 런던의 역사적인 도시들에 대해 이야기하고 있습니다. #Person1# 은 웨스트민스터 사원, 보우디카 동상, 그리고 유명한 성과 감옥을 방문할 예정입니다.                      "
310,test_310,"  다니엘은 #Person1# 에게 자신이 과학을 가장 좋아한다고 말하며, 자신이 항상 장난꾸러기라고 말한다.                                     "
311,test_311," #Person1# 은 베티가 베이비 샤워를 준비해 주었습니다. 베티는 아기에게 줄 선물로 식탁의자, 놀이펜, 침대 등을 준비했습니다.                             "
312,test_312," #Person1# 은 #Person2# 에게 중국에 관광하러 가자고 제안하지만, 현재 바쁘다.                                        "
313,test_313,  Karren과 Tim은 오랜만에 만나 서로 인사를 나누고 가끔 만나기로 했습니다.                                      
314,test_314, #Person1# 은 #Person2# 에게 Michael의 새 오토바이에 대해 이야기합니다.                                      
315,test_315," #Person1# 은 #Person2# 에게 몇 개의 언어를 구사할 수 있으며, 프랑스어는 간단한 대화 정도만 할 수 있다고 설명합니다. #Person1# 는 통역사로 일한 경험이 있습니다.                     "
316,test_316, #Person1# 은 타일러의 여동생 낸시에게 앤디가 전화했다고 전해달라고 요청합니다.                                      
317,test_317, #Person2# 는 뉴욕행 비행기가 취소되었다고 알립니다. #Person1# 은 #Person2# 에게 50% 할인된 항공권을 제공합니다.                              
318,test_318," #Person2# 는 #Person1# 에게 버거 퀸의 치즈버거, 바닐라, 감자튀김, 마요네즈 소스를 주문하려면 기다려야 한다고 설명합니다. #Person2# 은   의 배고픔을 이해하고 인내심을 가지라고 조언합니다. "
319,test_319," #Person1# 은 초과 수하물 요금을 지불해야 하며, #Person2# 는 취급 주의 라벨을 발부합니다.                                   "
320,test_320," #Person1# 은 목이 마르자 탄산음료를 마시고 싶어 하고, #Person2# 는 물을 마시자고 제안합니다.                                   "
321,test_321,  Wang Miao는 Mr. Green과의 내일 일정 변경에 대해 Liang에게 알립니다.                               
322,test_322," #Person1# 은 30 사이즈의 에나멜 가죽 구두를 찾고 있으며, #Person2# 는 신발을 늘리기로 결정합니다.                                  "
323,test_323,  Benjamin은 프로젝트 보고서를 어떻게 작성해야 할지 몰라 고민하고 있다. #Person1# 은 #Person2# 에게 보고서 형식을 정할 수 없다고 설명한다.                        
324,test_324,"  Marty는 해산물 피자와 얇은 도우로 구성된 중간 크기 피자를 주문하려 했으나, #Person1# 이 너무 많은 음식을 주문하여 #Person2# 가 주문을 도와줍니다.                  "
325,test_325, #Person1# 은 #Person2# 에게 메뉴를 설명하며 토마토 수프와 계란 수프를 주문합니다.                                   
326,test_326, #Person1# 은 #Person2# 에게 주방과 화장실이 있는 집을 소개합니다.                                          
327,test_327, #Person1# 은 #Person2# 의 가게에서 개인 스테레오를 샀지만 소음을 들을 수 없어 불만을 제기합니다. 이어폰을 끼는 방법에 대한 설명과 함께 영수증을 제시합니다.                    
328,test_328," #Person1# 은 기숙사 보증금을 아직 납부하지 않았습니다. #Person2# 는 #Person1# 에게 기숙사가 시끄러워서 더 비쌀 것 같다고 말하며, 기숙사에서 공부하는 것이 더 나은 선택이라고 조언합니다.              "
329,test_329, #Person1# 은 #Person2# 에게 중고 서점에서 오래된 동화책을 보고 있다고 말합니다. #Person1# 는 이 책에서 유명한 사람의 서명이 더 가치 있다고 생각합니다.                         
330,test_330," #Person1# 은 #Person2# 의 도움으로 베이징 맛집으로 안내받습니다. 메뉴는 닭고기, 생선, 야채, 콜라 두 잔, 밥 두 그릇입니다.                       "
331,test_331, #Person1# 은 #Person2# 에게 아들에게 중요한 증명서가 들어 있는 편지를 등기 우편이나 배달 증명 우편으로 보내라고 제안합니다.                             
332,test_332,"  Sally와 Tom은 1월 1일에 결혼식을 올릴 예정이다. Saly는 Smith에게 편지를 읽어주고, Sharp는 결혼 후 처음 방문한다는 소식을 전한다.                "
333,test_333, #Person1# 은 과제를 컴퓨터로 해야 해서 컴퓨터를 사야 한다고 #Person2# 에게 말합니다.                                      
334,test_334," #Person1# 과 #Person2# 는 화창한 날씨에 대해 이야기하며, #Person1# 은 이번 주말에 소풍을 가자고 제안합니다.                               "
335,test_335," #Person1# 은 참고 자료 데스크에서 컴퓨터에 관한 일반적인 정보를 찾고자 하며, #Person2# 는 일반 정보를 요청합니다.                                  "
336,test_336," #Person1# 은 #Person2# 가 프렌치 가든 레스토랑에 오도록 도와주고, 참치 샌드위치 하나와 야채 수프 한 그릇을 주문합니다.                         "
337,test_337," #Person1# 은 #Person2# 에게 레모네이드와 바비큐 윙, 베이비백 립스를 주문합니다.                                  "
338,test_338, #Person1# 은 #Person2# 에게 물과 디저트를 제공합니다.                                              
339,test_339," #Person1# 은 Eric이 예스지에게 데이트를 신청하면 어떻게 할 것이며, 복권에 당첨되면 세계 여행 티켓을 사겠다고 제안합니다.                              "
340,test_340," #Person1# 은 Jack의 새로운 애완동물 사진을 칭찬하고, #Person2# 는 그 사진이 재미있다고 생각합니다.                                     "
341,test_341," #Person1# 은 #Person2# 에게 Jane 이모가 Tom에게 새 자전거를 사줬다고 자랑하지만, 버스 지연으로 인해 교통 체증이 발생합니다.                            "
342,test_342," #Person1# 은 최신 유행의 치마를 찾고 있으며, #Person2# 는 #Person1# 에게 입어보라고 제안합니다.                                     "
343,test_343," #Person1# 은 #Person2# 에게 자신의 도시가 역사적인 장소라고 설명합니다. #Person1# 의 도시는 석탄 발견으로 인해 큰 도시로 성장했으며, 현재는 일부 건물이 남아 있습니다.                        "
344,test_344," #Person1# 과 #Person2# 는 환경 문제를 해결하기 위해 세계 지도자들이 모여 행동 계획에 합의하기를 기대한다. #Person1# 은 대기 오염 문제를 해결해야 대기를 파괴하지 않을 수 있다고 생각한다. 개발도상국들은 경제 발전에 더 중점을 두고 있으며, 기후 변화와 과도한 농업으로 인한 사막화 문제를 언급한다. "
345,test_345, #Person1# 은 #Person2# 에게 자신이 미스 라이트의 이상형 여자친구라고 말한 적이 있다고 말합니다. #Person1# 는 온라인 친구에게 조언을 구할 계획입니다.                         
346,test_346,"  Nathan은 시카고에 실습 가게 되어 기쁘다. 그는 큰 신문사에서 일하게 되어 걱정하지만, #Person1# 은 호기심이 많고 사교적이라 다른 사람들을 통해 배울 수 있을 것이라고 생각한다.                  "
347,test_347," #Person1# 은 토요타 카롤라를 빌리고자 하며, #Person2# 는 신분증을 제시하고 차 열쇠를 반납하라고 안내합니다.                                  "
348,test_348," #Person1# 은 다음 주에 뉴욕에서 비즈니스 계약을 체결할 예정입니다. #Person2# 는 뉴욕의 대학들을 추천하며, 기차역 근처 관광 안내소를 추천합니다.                            "
349,test_349, #Person1# 은 필름을 현상해 달라고 요청하자 #Person2# 가 3시간 만에 해줄 수 있다고 합니다.                                       
350,test_350, #Person1# 은 폭우로 인해 청두로 가는 비행기가 지연되었습니다. #Person2# 는 최신 기상 예보에 따라 비가 정오 전에 그칠 수 있다고 안내합니다.                           
351,test_351, #Person1# 은 #Person2# 에게 북경대학의 위치를 안내합니다.                                              
352,test_352, #Person1# 은 #Person2# 에게 좋은 아침과 나쁜 날씨에 대해 이야기합니다. #Person1# 는 오하이오에서 두 남자를 강도 혐의로 잡았지만 범인들이 아니었습니다.                          
353,test_353," #Person1# 은 컴퓨터 게임이 폭력적이고 위험하다고 생각하지만, #Person2# 는 그것이 나쁘지 않다고 생각합니다.                                       "
354,test_354, #Person1# 은 Jim에게 저녁을 먹고 나서 맥주를 마시자고 제안합니다. Jam은 그것이 건강에 좋지 않다고 생각합니다. 그들은 체육관에 가서 운동을 하고 Sally와 함께 춤을 추기로 결정합니다.                   
355,test_355, #Person1# 과 #Person2# 는 닭발을 시키고 와인을 주문합니다.                                              
356,test_356, #Person1# 은 #Person2# 에게 가이드 경험이 많지 않다고 말합니다.                                               
357,test_357,  Jack이 더블룸을 3박 예약했습니다.                                                
358,test_358,  질은 데이빗의 생일파티에 참석하지 못해 숙취에 시달리고 있습니다. 마크는 #Person1# 에게 빌이 어젯밤에 딸을 낳은 소식을 전합니다.                        
359,test_359," #Person1# 은 #Person2# 에게 내일 밤 극장에 함께 가자고 제안하지만, 남편은 좋아하지 않을 것 같아 거절합니다.                                    "
360,test_360," #Person2# 는 #Person1# 에게 볼티모어가 5 대 4로 승리했다고 전하며, 야구 경기를 보면서 하루를 즐기고 있다고 말합니다.                                             "
361,test_361, #Person1# 이 #Person2# 에게 도움을 요청합니다.                                                                
362,test_362," #Person1# 과 #Person2# 는 천연자원에 대해 이야기합니다. #Person1# 은 베네수엘라와 인접 국가들로부터 철과 알루미늄을 수입하고 있으며, 엔지니어들이 석유 시추에 집중하고 있습니다.                                "
363,test_363," #Person1# 과 #Person2# 는 미술관에 가는 것을 좋아하지 않지만, 내일 국립 미술관에서 열리는 그리스와 로마 조각 전시회에 함께 가기로 했습니다.                                            "
364,test_364," #Person2# 는 책을 반납하고 비디오를 대출하고 싶어하며, #Person1# 은 #Person2# 에게 비디오 손상 시 벌금을 부과한다고 설명합니다.                                             "
365,test_365, #Person1# 은 #Person2# 에게 10프레임의 볼링 게임에 대해 설명합니다.                                                        
366,test_366, #Person1# 은 #Person2# 에게 새로운 은행 이체 서비스와 맞춤형 상담 서비스를 소개합니다.                                                        
367,test_367," #Person1# 은 #Person2# 에게 30분 후에 체크아웃해야 한다고 말합니다. #Person1# 는 짐을 맡기는 것이 보증금으로 충분하지 않다고 생각하지만, 결국 VISA 카드로 결제합니다.                                     "
368,test_368," #Person2# 는 #Person1# 에게 뷔페에서 어른 두 명당 삼십, 아이 이십의 요금을 지불한다고 안내합니다.                                                "
369,test_369," #Person2# 는 해외에서 공부하는 모든 분들을 위한 해외 유학 개인 대출을 신청하려고 합니다. #Person1# 은 나이 제한이 없으며, 대출자는 대출 보증인이어야 한다고 설명합니다.                                        "
370,test_370, #Person1# 이 #Person2# 에게 영어 노래가 있는 책을 추천합니다.                                                            
371,test_371," #Person2# 는 #Person1# 에게 자신이 인상적인 글쓰기 경력을 가지고 있으며, 현재 첫 소설을 집필 중이라고 말합니다.                                                  "
372,test_372,"  잭은 이메일을 통해 인터뷰 결과를 직접 물어보는 것을 제안하고, #Person2# 는 이메일 보내는 방법에 대해 논의합니다.                                                 "
373,test_373," #Person1# 은 #Person2# 에게 집을 둘러보라고 요청하고, #Person1# 의 집을 소개합니다.                                                       "
374,test_374, #Person1# 은 호텔에서 40분 후에 체크아웃할 예정입니다. #Person2# 는 뉴욕의 하루가 이제 막 시작되었다고 생각합니다.                                                
375,test_375,"  브랜든은 새로운 웹사이트에 가입하여 글쓰기 실력을 향상시키고 있습니다. #Person1# 은 #Person2# 에게 웹사이트가 무료처럼 들리지 않는다고 설명하지만,   는 이를 이해하지 못합니다.                                  "
376,test_376," #Person1# 은 #Person2# 에게 교장 선생님이 새 실험실 건물을 지으실 것 같다고 말합니다. #Person1# 는 돈이 문제일 수 있지만, 이번 학기가 끝나기 전에 결정이 내려질 것이라고 믿습니다.                                "
377,test_377,  Henry는 #Person1# 에게 소고기를 사러 가게에 갔다가 현금이 없어서 신용카드를 사용하게 되었다고 설명합니다.                                            
378,test_378,  Mr. Smith는 #Person1# 에게 내일의 산간 마을 방문을 위해 두 개의 마을을 선택할 수 있다고 설명합니다.                                             
379,test_379,"  Vet는 치어리더가 되기 위해 목표나 꿈을 포기해야 한다고 느낀 적이 있으며, 현재 아기에 대한 책임이 있다고 생각합니다. 그녀는 딸을 키우면서 가장 좋았던 점과 미래 계획에 대해 이야기합니다.                                 "
380,test_380, #Person1# 은 #Person2# 에게 처음 우표 수집에 관심을 가지게 된 계기와 처음 발행된 두 개의 우표를 소개합니다.                                               
381,test_381,"  Tom은 #Person1# 에게 자신이 성공한 사업가가 되었다고 이야기합니다. #Person2# 는 자신의 생활에서 녹색적인 면이 부족하다고 느끼며, 낭비적인 행동을 했다고 생각합니다.                                      "
382,test_382,  John Day는 북런던 경찰에게 네즈든의 보행자 지하도에서 발견된 40대 남성의 사망 사건을 살인으로 보고 있습니다. 그는 이 남성의 이동 경로를 추적하고 있습니다.                                   
383,test_383,"  Sherry는 Bob에게 친구 결혼식에 초대받아 내년에 퀘벡에 가기로 했다고 말한다. 그는 내년에 여름에 방문할 예정이며, 친구의 결혼식이 먼저 있을 예정이다. 그는 프랑스어를 구사할 수 있지만 영어를 잘하지 못한다. Sheeriy가 그에게 프랑스어 실력을 향상시키고 대학 친구를 만나보라고 조언한다. "
384,test_384,"  제인은 학생 센터에 수영하러 가자고 톰에게 제안하지만, 톰은 리포트가 아직 시작되지 않았다며 거절한다. 제인이 저녁 식사를 제안하자 톰이 동의한다.                     "
385,test_385, #Person1# 은 #Person2# 에게 약을 하루에 세 번 복용하고 약을 복용하라고 조언합니다.                                       
386,test_386," #Person1# 은 Fred에게 200위안의 컴퓨터 대출금을 갚으라고 요청하고, Frd는 이를 수락한다.                               "
387,test_387," #Person1# 은 글을 더 잘 쓰고 싶어서 몇 주 동안 연습했지만, 여전히 글씨가 좋지 않습니다. #Person2# 는 #Person1# 에게 끈기를 가지라고 조언합니다.                        "
388,test_388, #Person1# 은 #Person2# 가 속눈썹을 올리고 있는 것에 겁먹었다고 비난합니다.                                       
389,test_389," #Person1# 은 #Person2# 에게 운전 강좌에 대한 정보를 제공합니다. #Person1# 는 주말에만 시간이 있으며, 강사님은 20년 동안 가르치고 계십니다.                          "
390,test_390," #Person1# 은 피아노를 8년째 배우고 있으며, #Person2# 에게 그 선생님을 소개해 달라고 부탁합니다.                                    "
391,test_391," #Person1# 은 #Person2# 에게 자신의 강점, 약점, 배우면서 일에 대해 더 깊이 이해할 수 있는 기회, 결혼 후 자신의 미래에 대해 질문합니다.                           "
392,test_392,  George는 Stephanie에게 Miss Jenkins에게 금요일 아침까지 보고서를 제출할 것을 권장합니다.                         
393,test_393,"  David는 크리스마스를 맞아 #Person1# 에게 스케이트를 타자고 제안하지만, #Person2# 는 뉴욕에 머물고 싶어한다.                            "
394,test_394,"  Bob은 댄스 파티에 갔고, #Person1# 은 쇼핑을 갔으며, #Person2# 는 이번 주말에 서로 경기하자고 제안합니다.                              "
395,test_395," #Person1# 은 #Person2# 에게 50달러를 빌리려고 하지만, #Person1# 이 취업 사무소에 가자고 제안하여   는 거절합니다.                            "
396,test_396, #Person1# 은 #Person2# 에게 호텔로 돌아가서 모든 손님에게 재킷과 넥타이를 대여해 달라고 요청합니다.                                 
397,test_397," #Person1# 과 #Person2# 는 휴양 캠프의 즐거움과 어려움에 대해 이야기합니다. #Person1# 은 성 방문, 요트, 등반, 승마, 바비큐 파티, 그리고 내년에 다시 만날 것을 약속합니다.               "
398,test_398," #Person1# 은 #Person2# 에게 딸의 대학 입학 요건에 대해 묻고, 컴퓨터 프로그래밍을 전공하여 휴가를 활용해 수업을 듣고 싶다고 말합니다.                         "
399,test_399, #Person1# 은 어제 차로 나무를 들이받아 며칠 학교를 빠져야 했습니다. #Person2# 는 #Person1# 에게 이번 주에 빠질 것이라고 알려줍니다.                           
400,test_400, #Person1# 은 세입자 권리 옹호 센터에 전화하여 집주인과 수리 비용 문제에 대해 문의합니다. #Person2# 는 집주인과의 합의에 어려움을 겪고 있습니다.                          
401,test_401, #Person1# 은 도쿄에서 온 수출 L/C를 사이유리 베즈에서 수령하기 위해 #Person2# 에게 서류를 작성해 달라고 요청합니다.                          
402,test_402,  Myrdal은 Charlie에게 자신의 지갑이 사라졌다고 말합니다.                                    
403,test_403, #Person1# 은 지난주 내내 설거지를 했습니다. #Person2# 는 다음 주도 계속하자고 제안합니다.                                      
404,test_404," #Person1# 과 #Person2# 는 서로에 대해 이야기하고 있으며, #Person1# 은   가 멋지다고 생각합니다.                                  "
405,test_405, #Person1# 과 #Person2# 는 정부의 실업 문제에 대해 논의하고 있습니다.                                            
406,test_406," #Person1# 은 가면무도회 파티에 맞는 의상을 고르기 위해 #Person2# 에게 쇼핑을 제안합니다. #Person1# 는 카우걸을 추천하지만,   는 캐나다 기마경찰로 인해 의상이 어디서 구할지 모릅니다. 결국 그들은 쇼핑센터에서 만나기로 합니다. "
407,test_407," #Person1# 은 #Person2# 에게 베이징에서 춤추러 가자고 제안하고, 그들은 디스코 댄스를 하기로 결정합니다.                                 "
408,test_408," #Person1# 은 농장을 소유하고 싶어 하고, #Person2# 는 농장에서 일하면서 도시의 번잡함에서 벗어나고 싶어 한다.                              "
409,test_409," #Person1# 은 #Person2# 에게 하이네켄과 버드와이저, 에피타이저를 구매합니다.                                 "
410,test_410,"  Mary는 어젯밤 Ann과 심하게 싸웠다. #Person1# 은 화가 나서 여행을 취소해야 했고, #Person2# 도 화가 났다.                        "
411,test_411," #Person1# 은 #Person2# 에게 담배와 기념품, 화장실을 안내합니다.                                       "
412,test_412,  Catherine은 영화 'Fast Food Nation'을 보고 미국식 음식이 어두운 면이 있다고 생각합니다. 그는 미국의 패스트푸드 문화가 편리함을 추구하는 생활 방식을 반영한다고 설명합니다.           
413,test_413, #Person1# 은 #Person2# 에게 버스가 워싱턴 스퀘어 공원으로 가는 줄 알았다고 말합니다. #Person1# 는 버스를 뒤쪽으로 옮기라고 요청합니다.                       
414,test_414," #Person1# 은 9-11 테러 공격이 있던 날 베이징에 있는 부모님 댁에 있었습니다. #Person2# 는 비행기가 쌍둥이 빌딩에 충돌하는 장면을 목격했고, #Person1# 의 삼촌 회사 직원도 대피하지 못했습니다.         "
415,test_415,  Chuck Jones가 Karl의 옆집으로 이사 왔습니다. 그들은 더 조용한 곳에서 더 넓은 공간을 갖고 싶어 이사를 오게 되었습니다.                   
416,test_416," #Person1# 은 #Person2# 에게 삶은 달걀, 진하게 구운 토스트, 오렌지 주스를 주문합니다.                              "
417,test_417,  Steven은 #Person1# 에게 자러 가기 전에 지하실 문을 닫아달라고 요청합니다.                                 
418,test_418, #Person1# 은 Jane에게 다음 주 월요일 오후 3시쯤 만나자고 제안합니다.                                     
419,test_419," #Person1# 은 여자친구 Jess에게 줄 멋진 선물을 찾고 있습니다. #Person2# 는 #Person1# 에게 진주 귀걸이 세트, 하트 모양의 펜던트, 18K 로즈 골드 팔찌, 그리고 목걸이를 제안합니다.         "
420,test_420," #Person1# 은 오래된 Ford Pinto를 교환하고 싶어 합니다. #Person2# 는 연비와 엔진, 그리고 가격대에 대해 설명합니다.                          "
421,test_421," #Person1# 은 Ballam 씨에게 컴퓨터 엔지니어 직책을 제안하고 월 4,000 위안을 지급하기로 했습니다.                              "
422,test_422, #Person1# 은 #Person2# 에게 네트워크 결제 서비스 가입을 권장합니다.   는 네트워크 결제를 통해 내부 감독과 관리가 훨씬 수월해질 것이라고 생각합니다.                       
423,test_423, #Person1# 은 저녁 때 먹고 남은 것이 없어서 #Person2# 가 땅콩버터와 잼 샌드위치를 만들어 먹자고 제안합니다.                           
424,test_424, #Person1# 은 #Person2# 에게 혈액을 채취하고 백혈구 수치를 확인합니다.                                     
425,test_425,  Steven은 전기가 나가자 #Person1# 에게 지하실로 내려가서 차단함을 찾아보라고 조언합니다.                              
426,test_426,"  Paula는 세 들어 사는 집의 집주인 Ms. Connors가 식기세척기가 고장 나서 수리를 하고 비용을 월세에서 공제했지만, 집주인은 월세를 전액 내지 않았다고 주장하며 그녀를 쫓아내겠다고 협박하고 있다. "
427,test_427, #Person2# 는 에어컨이 작동하지 않아 열사병에 걸리기 전에 수리공을 불러야 한다고 #Person1# 에게 말합니다.                              
428,test_428," #Person1# 과 해고된 #Person2# 는 대출금을 상환하기 위해 일을 찾고 있으며, #Person1# 은 대출금 상환과 전기공 견습생 프로그램 참여를 제안합니다.                       "
429,test_429, #Person2# 는 #Person1# 에게 사장님의 강점과 약점에 대해 설명합니다.                                       
430,test_430," #Person1# 은 Tang 씨에게 서류나 자격증 사본이 있는지 묻고, 그는 Youth International Travel Agency에서 일하고 있으며, 이번 주는 휴가를 다녀왔다고 답변합니다.        "
431,test_431," #Person1# 은 금 시계를 사고 싶어 하지만, #Person2# 는 가격이 비싸다고 하여 #Person1# 이 가격을 깎아주기로 합니다.                              "
432,test_432,  Tom은 Sara에게 딸의 열이 심해 병원에 데려갈 예정이라며 아들을 집으로 데려가 달라고 요청합니다.                            
433,test_433,"  Amy는 첫 직장에서 총지배인 비서로 일했으며, 인사부장으로 승진했습니다. #Person1# 은 그 일을 재미있어 했습니다.                        "
434,test_434,"  Andrew는 #Person1# 에게 자신의 체중 감량 방법에 대해 이야기합니다. #Person2# 는 자신의 몸무게가 뚱뚱하지 않다고 말하며,   는 자신이 스팸메일에서 정보를 찾아 다이어트를 시작했다고 설명합니다. "
435,test_435,  브라운 컬리지의 그렉 손더스 씨가 메리에게 전화를 걸어 대학 스포츠에 관심이 있는지 물어봅니다.                               
436,test_436, #Person1# 은 #Person2# 에게 택시를 타고 기차역으로 가라고 안내합니다.                                     
437,test_437,"  Brian은 #Person1# 에게 미국에서 영어를 배웠다고 말하고, 캘리포니아와 라스베가스를 방문한 경험을 공유합니다.                          "
438,test_438," #Person1# 은 연례 건강검진을 받으러 왔으며, #Person2# 는 호흡에 문제가 있어 알레르기 검사와 피검사를 요청합니다.                           "
439,test_439," #Person1# 은 #Person2# 에게 복권에 당첨되면 전 세계를 여행할 것이라고 말하며, 월급 인상이 없을 경우 밍크 코트를 사주겠다고 제안합니다. #Person1# 는 스카치를 마실 자격이 있다고 생각합니다.         "
440,test_440," #Person1# 은 결혼할 준비가 안 된 상태이며, #Person2# 는 #Person1# 에게 Amy를 결혼식장에 남겨두지 말라고 조언합니다.                        "
441,test_441," #Person1# 은 #Person2# 에게 명함을 새로 인쇄하는 데 2,000장의 서류를 작성해 달라고 요청합니다.                               "
442,test_442,  브라이언은 #Person1# 에게 공항에서 전무님을 만나기 위해 6시까지 체크인해야 한다고 알린다. 회의는 정오에 시작된다.                       
443,test_443,"  Paul과 헤이는 추수감사절 저녁을 함께 보내기로 했습니다. 그들은 가족 구성원 열 명이 참석할 예정이며, 저녁 준비에 대해 이야기합니다.                    "
444,test_444,"  존은 이번 주말에 수잔에게 사촌의 대학 인터뷰에 대해 도움을 요청합니다. 존이 3년 동안 보지 못한 대학 캠퍼스를 방문할 예정이며, 눈보라가 오면 #Person2# 를 집에 데려다주는 계획을 세우고 있습니다.       "
445,test_445, #Person1# 은 Ben에게 저녁 수업을 신청하고 꽃꽂이와 인도 요리 강좌를 추천합니다. #Person2# 는 $280이 너무 비싸다고 생각합니다. 결국 저녁 파티를 제안합니다.                 
446,test_446, #Person1# 과 #Person2# 는 금요일 저녁에 피자 익스피리언스로 점심을 먹기로 결정합니다.                                
447,test_447,  Gene은 운전면허 시험에 참석하기 위해 운전 연습을 하고 있다. #Person1# 은 #Person2# 에게 혼다 어코드를 추천한다.                      
448,test_448, #Person1# 은 #Person2# 에게 펜을 보여주며 부드럽게 써지는 펜의 특징을 설명합니다.                                  
449,test_449," #Person2# 는 #Person1# 에게 미국 암 학회를 위한 마라톤 후원이 성공적이었다고 말합니다. 이는 마라톤 경기 참가자들이 참가비로 10달러를 냈고, 후원자를 찾아 후원금을 모았기 때문입니다.            "
450,test_450, #Person1# 은 #Person2# 에게 피크 트램으로 가는 길을 안내합니다.                                      
451,test_451, #Person1# 은 #Person2# 에게 전통 중국 공예품을 소개하고 백단향 부채를 추천합니다.                                 
452,test_452, #Person1# 은 #Person2# 에게 회사의 외부 요인에 대해 설명합니다.                                        
453,test_453, #Person1# 은 #Person2# 에게 오늘 오후 2시에 준비 회의를 시작하자고 제안합니다.                                     
454,test_454, #Person1# 은 #Person2# 에게 짧은 여행을 추천합니다.                                           
455,test_455," #Person1# 은 #Person2# 에게 비프버거, 프렌치프라이, 밀크셰이크, 바나나를 주문합니다.                          "
456,test_456," #Person1# 은 #Person2# 에게 등불 축제에 대해 이야기하며, 축제 기간 동안 수수께끼를 푸는 전통이 있다고 설명합니다. #Person1# 는 큰 등불을 보고 감탄합니다.                    "
457,test_457,"  Tina는 면접 첫 두 라운드를 성공적으로 통과했으며, 다음 주 월요일에 최종 라운드로 갈 예정이다. #Person1# 은 축하의 말을 전한다.                        "
458,test_458,  카렌과 팀도 오랜만에 만나 서로 인사를 나누었다.                                             
459,test_459," #Person1# 은 #Person2# 에게 문구류를 사러 갈 때 Julie에게 연락하라고 하고, 복사기는 자신의 사무실 근처에 있다고 알려줍니다. #Person1# 는 가끔씩 야외에서 일하는 것을 좋아합니다.              "
460,test_460, #Person1# 은 목욕을 위해 버튼이 너무 많아서 #Person2# 에게 설명서를 요청합니다.                                      
461,test_461, #Person1# 은 #Person2# 에게 기차에서 시간 때우기 좋은 책 추천을 요청합니다.                                      
462,test_462, #Person1# 은 #Person2# 에게 글을 읽지 못하는 새로운 이민자 친구에게 읽기부터 가르치는 것을 제안합니다.                                 
463,test_463, #Person1# 은 #Person2# 의 티켓을 예약하고 카드로 결제합니다.                                           
464,test_464," #Person1# 과 #Person2# 는 오늘 저녁에 냉동 피자를 만들어 먹기로 했습니다. #Person1# 은 치킨 커리 레시피를 소개하고, 먼저 야채 씻고 팬을 달궈야 합니다. 닭고기는 3cm 길이로 얇게 썰어 따로 볶아야 합니다. "
465,test_465, #Person1# 은 #Person2# 에게 전화기를 어떻게 사용하는지 설명합니다.                                           
466,test_467," #Person1# 은 중고 컴퓨터를 구매하려고 하며, #Person2# 는 중고 물건이 새것만큼 좋다고 생각합니다.                                    "
467,test_468,"  Morgan은 #Person1# 에게 중국에서는 음식을 적게 주문해서 덜 버리는 전통이 있으며, 남은 음식을 집에 가져가는 것이 더 나을 것 같다고 말합니다. #Person2# 는 족발을 먹어본 경험이 있으며, 가끔은 한 번으로 충분하다고 합니다.    "
468,test_469,  해리는 #Person1# 에게 중국 길거리 시장에서 물건을 구매할 때 항상 조심해야 한다고 말합니다. 이는 판매자가 흥정을 통해 가격을 낮추려는 것이 필수이기 때문입니다.                      
469,test_470, #Person1# 은 #Person2# 에게 회사 직원들이 영어를 구사하는 데 능숙하다고 말합니다.                                      
470,test_471," #Person2# 는 #Person1# 에게 당좌예금과 저축예금을 동시에 개설하고 싶다고 말합니다. #Person2# 의 계좌는 ATM 기기에서 사용할 수 있는 카드를 제공하며, 오버드래프트 최대 한도가 최대 $1000이라고 설명합니다.       "
471,test_472," #Person1# 은 #Person2# 에게 설탕 3봉지를 사면 할인 쿠폰을 받을 수 있으며, 유효기간 내에만 사용할 수 있다고 설명합니다.                             "
472,test_473,  Mrs. Robinson은 Steve에게 Johnny를 돌봐줘서 고맙다고 말합니다.                           
473,test_474, #Person2# 가 기차표를 잃어버려 #Person1# 에게 도움을 요청합니다. #Person2# 는 소프트 슬리퍼를 구매하고 지갑에 돈이 있는지 확인해야 합니다.                        
474,test_475,  Ann은 #Person1# 에게 '웰빙 인 더 에어' 프로그램을 통해 뉴욕에 도착했을 때 시차 적응이 잘 되었다고 말한다. #Person2# 는 그 프로그램이 효과적이라고 생각한다.               
475,test_476,  Tom과 Mary는 오늘 밤 John의 파티에 가기로 했습니다. 그들은 맥도날드에서 일하는 부매니저로 여름 동안 일할 예정입니다.                    
476,test_477,  해리는 끔찍한 사고를 겪었다. #Person1# 은 해리가 신문을 읽으며 길을 걸어가길 바란다.                                  
477,test_478,"  Steven Kayne 씨는 사업가들을 위한 프로그램 '비즈니스 월드'에서 자신이 경주용 자전거를 좋아하고 자전거 고치는 것을 즐겼던 이유를 설명합니다. 가게 운영 시간은 정해진 시간이 없으며, 직원은 이미 고용되었습니다.       "
478,test_479, #Person1# 과 #Person2# 는 좋은 중년 부부에 대해 이야기하고 있습니다. #Person1# 은 에셀이 늙었다고 생각합니다.                                
479,test_480, #Person1# 은 #Person2# 에게 저녁 메뉴로 애플 크리스프와 초콜릿 무스 케이크를 주문했습니다.                                   
480,test_481," #Person2# 는 #Person1# 에게 아래층 침대를 가져오고, 창가 책상을 가져가라고 제안합니다. #Person2# 가 동의하면   는 함께 다니기로 합니다.                 "
481,test_482, #Person1# 은 #Person2# 에게 도서관 카드를 발급하고 운전면허증과 신청서를 제출하도록 요청합니다.                              
482,test_483," #Person1# 과 #Person2# 는 근무 시간과 근무 장소에 대해 이야기합니다. #Person1# 은 초과 근무 수당을 받지 못하지만, 점심시간과 컴퓨터 작업을 통해 정보를 입력합니다.                   "
483,test_484, #Person1# 은 #Person2# 에게 기계에 비누가 들어있지 않도록 해야 한다고 설명합니다. 세탁은 처음이지만 열아홉 살까지 세탁을 해본 적이 있다고 말합니다. #Person1# 의 엄마는 세탁이 처음이라 놀리지 말라고 조언합니다. 
484,test_485, #Person1# 과 #Person2# 는 바빴습니다.                                           
485,test_486,"  Katie는 #Person1# 에게 항상 일할 준비가 되어 있다고 말하며, 손님이 없을 때 항상 멍하니 서 있는 것을 보라고 조언합니다.                     "
486,test_487, #Person1# 과 #Person2# 는 할아버지 생일 파티에 대해 이야기합니다. #Person1# 은 호텔이 비싸고 야외 파티하기에 춥기 때문에 집에서 하는 것이 좋다고 제안합니다.                  
487,test_488,"  Ginan Luca Donatelli는 이탈리아 서비스 공급업체에서 프리랜서로 일하고 있으며, 로버트는 그녀를 소개해 줍니다.                   "
488,test_489,  Kathy는 #Person1# 에게 노스캐롤라이나 산이 17년 주기의 새울음이라고 설명합니다. 그들은 새들이 주로 산 근처에 있다고 말합니다.              
489,test_490," #Person1# 은 #Person2# 에게 칠면조 샌드위치와 샐러드, 그리고 다이어트 콜라를 주문합니다.                            "
490,test_491,"  James는 #Person1# 에게 David가 시골에 가서 사진을 찍고 싶다고 말합니다. #Person2# 는 카메라와 쿠키를 가방에 넣었고, 할머니, 할아버지를 위해 만든 것이라고 설명합니다.       "
491,test_492," #Person1# 은 테드에게 올해 어디로 휴가를 갈지 묻고, 테드는 장인어른과 장모님이 함께 있는 것이 불편하다고 답합니다.                     "
492,test_493," #Person1# 은 #Person2# 에게 오늘 오후에 영화관에 가자고 하지만, #Person1# 의 이모 헬렌은 영화에 참석할 수 없습니다. 대신 두 사람은 맥도날드에 가기로 합니다.             "
493,test_494, #Person1# 은 #Person2# 에게 어젯밤 도둑들이 가구를 도난당했다고 말합니다.                                
494,test_495,"  Jack과 Charlie는 학교 후 비디오 게임을 하기로 결정하고, Came는 숙제를 먼저 끝내면 된다.                        "
495,test_496, #Person1# 은 #Person2# 에게 시골 음악에 관심을 갖게 된 계기와 라디오 방송국에서 일하게 된 과정을 설명합니다.                            
496,test_497,"  Alice는 세탁기 사용법을 #Person1# 에게 설명합니다. 세탁기는 비누를 따로 넣어야 하며, 거품이 너무 많으면 세균이 번식할 수 있습니다. #Person2# 는 세탁을 한 번도 해본 적이 없다고 말합니다.  "
497,test_498,"  Steve는 Matthew에게 임대를 갱신하고 싶지 않다고 말하며, Mrs. Thou에게 아파트를 보여줄 수 있는지 문의한다.                   "
498,test_499,"  Frank는 Betsy에게 승진 소식을 전하며, 파티에 150명 정도가 참석할 것이라고 말합니다. 파티에는 아내가 항상 원하던 새 집을 살 수 있게 되었습니다.               "
