fname,summary
test_0,"회사에서 모든 통신은 이메일과 공식 메모로만 제한되며, 근무 시간 동안 즉시 메시지 프로그램 사용은 금지된다. 이 정책은 사무실 내 직원 간 통신 뿐만 아니라 외부 통신에도 적용된다. 즉시 메시지를 계속 사용할 시 경고 후 시정 조치가 이루어지며, 두 번째 위반 시 해고될 수 있다. 이 정책에 관한 질문은 부서장에게 문의해야 하며, 오늘 오후 4시까지 이 메모가 작성되고 배포될 예정이다."
test_1,"대화에서는 출퇴근 시간의 교통체증 문제로 인해 대중교통이나 자전거 이용에 대한 이야기가 나옵니다. B는 교통체증으로 인해 출퇴근에 시간이 오래 걸리는 문제를 제기하고, A는 다른 길 찾기, 대중교통 이용, 자전거 타기 등을 제안합니다. B는 차 사용이 환경에 미치는 영향과 스트레스 문제를 인식하고, 결국 출퇴근 시 차를 이용하지 않기로 결정합니다. 결론적으로, B는 자신과 환경을 위해 대중교통과 자전거를 이용하기로 합니다."
test_2,"Kate에게 Masha와 Hero가 두 달 간의 별거 끝에 이혼 신청을 했다는 소식을 전한다. 아이들은 Masha가 양육하며, 재산 및 주식 문제는 원만하게 해결되었다고 한다. 놀랍게도 사건과는 달리 원만하게 진행되고 있으며, 이혼은 새해 초쯤 확정될 것으로 예상된다."
test_3,"대화자 A는 생일인 대화자 B에게 선물을 주며 축하 인사를 전한다. B는 A의 축하에 감사하며 파티에 들어오라고 초대한다. A는 B에게 춤을 신청하고, B는 이를 받아들인다. 파티에서 A는 B에게 멋진 파티라고 말하며, B는 A의 외모에 대해 칭찬한다. A는 B의 칭찬에 감사하며, 함께 파티를 즐기기 위해 한 잔 하기로 한다."
test_4,"대화에서는 올림픽 공원의 크기와 중심에 위치한 올림픽 스타디움에 대해 이야기하고 있다. 스타디움은 이번 6월에 완공될 예정이며, 총 5000석의 좌석이 있다. 또한, 육상 트랙과 점프 구간에 대한 설명과 함께 등산 금지를 알리는 표지판에 대해서도 언급하고 있다. 외국인 방문객들을 위해 영어 번역된 표지판도 많이 붙어있다고 한다."
test_5,"A는 B에게 회사를 그만두고 자신의 사업을 시작하려고 한다고 말한다. B는 A에게 사업 계획서를 작성해본 적이 있는지 물어보고, A는 없다고 대답한다. B는 잘 쓴 사업 계획서는 사업 아이디어를 두 페이지 이내로 요약한 부분이 포함되어야 하고, 회사의 법적 구조나 역사 같은 정보를 제시해야 하며, 상품이나 서비스를 소개하고 설명해야 한다고 말한다. 또한 경쟁자와 어떻게 다른지 설명해야 하고, 시장 분석을 통해 수백 가지 변수를 연구하고 분석해야 한다고 말한다. 그리고 투자자들에게 가장 중요한 정보는 금융 분석이며, 여기서 매출, 현금 흐름, 이익을 추정해야 한다고 말한다. A는 그 이야기를 듣고 예전 일 하면서 사업 시작의 번거로움을 피하는 게 나을 것 같다고 말한다."
test_6,대화 상대 B가 가려움증을 호소하며 몸을 긁고 있다. 상대 A는 B가 수두에 걸린 것으로 의심하며 전염될 수 있으니 가까이 오지 말라고 경고한다. B는 수두일 가능성을 부인하며 발진이나 알레르기일 수도 있다고 주장한다. A는 수두일 경우 위험할 수 있다고 강조하며 B를 '바이오 위협물'로 취급한다. B는 오트밀 목욕을 하기로 결정하며 대화를 마친다.
test_7,손님 B는 309호에 묵으며 오늘 체크아웃하려고 청구서를 요청하였다. 그러나 청구서에 30달러의 세탁 서비스 요금이 포함되어 있어 의문을 제기했다. B는 머무는 동안 세탁 서비스를 이용한 적이 없었기 때문에 다른 사람의 요금이 잘못 청구된 것으로 보였다. 직원 A는 관련 부서에 확인한 결과 착오가 있었음을 확인하고 청구서를 수정했다. B는 수정된 청구서를 확인하고 체크아웃을 마쳤다.
test_8,A는 B에게 아내가 자신의 비서와 바람이 나서 이혼을 요구하게 된 상황을 털어놓았다. B는 A의 잘못을 지적하면서도 최대한 노력해 아내가 이혼을 다시 생각해보도록 설득해보겠다고 답했다. A는 이번 일을 계기로 앞으로 아내에게 충실할 것을 B에게 맹세했다.
test_9,"대화에서는 링컨의 인품과 업적에 대해 이야기한다. 링컨은 한 여성에게 거스름돈을 주기 위해 5마일이나 걸어 다녔다는 일화와 그의 목표를 향한 끈기, 평등한 권리를 위한 용기, 큰 비전, 그리고 겸손함에 대해 언급하며 그의 인품을 높이 평가한다."
test_10,"대화 참여자들은 허베이 지역으로의 여행 계획에 대해 이야기하고 있다. 하지만 중국 북부에서 심한 황사가 발생하여 여행 계획에 영향을 미칠 수 있다는 우려를 표현한다. 황사가 지역 주민들에게 미치는 영향에 대해 이야기하며, 특히 호흡기 감염 환자 수가 증가하는 경향이 있다는 보고를 언급한다. 결국 황사가 모두에게 골칫거리라는 데 동의한다."
test_11,"A는 자신의 생일 파티에 B가 와줘서 기뻐하고, B는 A에게 선물을 준다. A는 선물을 열어보고 원격 조종 자동차 모델을 받아서 매우 기뻐한다. B는 이 멋진 작은 차를 줄지 고민했지만, A가 좋아하는 브랜드의 제품이라 주었다고 말한다. A는 B가 항상 가장 좋은 것들을 스스로 가지려고 한다며, 그래서 선물이 더 값지게 느껴진다고 말한다."
test_12,"대화자 B는 대화자 A에게 큰 실수를 저질렀다고 고백한다. B는 시험을 보다가 부정행위를 하다가 들켰고, 그 결과 불합격 처리가 되었다고 말한다. B는 자신의 행동이 부끄럽고 후회된다고 표현하며, 이러한 실수를 저지른 이유로 가족에 대한 압박감을 언급한다. A는 B가 실수에서 배우기만 하면 된다고 위로한다."
test_13,"A는 B에게 지금 몇 시인지 물어본다. B는 8시 50분이라고 답하고, A는 기차를 타러 가야 한다고 말한다. B는 아직 시간이 많다고 답하며 역까지 거리가 가깝다고 말한다."
test_14,"친구와의 대화에서 자신의 삶에 대한 어려움을 토로하며 조언을 구함. 친구는 수면 부족, 과음, 피로 문제에 대해 지적하며, 충분한 수면, 음주량 줄이기, 아침 운동을 제안함. 또한, 미래에 대한 걱정을 경계하며 젊음을 강조하고 긍정적인 미래를 기대하도록 격려함. 요약하자면, 친구의 조언을 통해 수면, 음주, 운동 습관을 개선하고 미래에 대한 긍정적인 태도를 가지도록 권유받음."
test_15,"오늘 밤 Ruojia의 결혼 파티에 가자는 제안이 있었다. 화자는 Ruojia의 트위터와 이메일을 통해 결혼 소식을 알게 되었지만, 상대방은 이메일을 받지 못했다고 한다. 결국 둘 다 오늘 밤 Ruojia의 집에서 열리는 파티에 참석하기로 결정하고, 화자는 와인잔과 결혼 축하 카드를, 상대방은 다기 세트를 가져가기로 한다."
test_16,"A와 B는 무언가를 보며 즐거워하고 있다. A는 스트립을 잡아당기고 뒷면을 떼어내면 재미있을 것이라고 말하고, B는 그렇게 하면 적이 많이 생길지도 모른다고 걱정한다. A는 자신의 친구와 함께 하는 활동이라 재미있다고 주장하고, B는 그 활동이 잔인하다고 생각한다. 그러나 A는 그래도 재미있다고 주장하며, 두 명의 노인을 보며 농담을 주고받는다. B는 사진을 찍자고 하고, A는 B의 반응에 대해 미리 예상했다고 말한다."
test_17,"마이크의 여동생은 키가 크고 예쁘며, 마이크와 닮았고 가족들은 모두 친절하고 성격이 좋다. 그러나 마이크의 여동생은 마이크만큼 똑똑하지는 않다고 한다."
test_18,"학생이 학교에 아프다고 전화하여 두통과 미열을 호소하고, 학교 측에서는 학부모에게 연락하도록 안내함."
test_19,"고객은 새 휴대폰을 구매하고자 하며, 카메라, MP3 플레이어, 그리고 영상 통화 기능이 있는 모델을 찾고 있다."
test_20,"프랭크가 주디에게 새 직장에 다니게 되었다고 말한다. 그 직장은 우체국이며, 정부에서 제공하는 좋은 건강보험 혜택 때문에 지원했다. 업무 일정은 매일 아침 5시 출근과 45분의 짧은 점심시간으로 빡빡하지만, 가족들도 사용할 수 있는 건강보험과 아이들을 위한 무료 의료 서비스가 제공되어 좋은 직장 혜택이라고 생각한다."
test_21,"대화 상대 B는 컴퓨터 프로그램 작성과 비서 업무를 잘할 수 있다고 한다. 의사 면허증과 운전 면허증을 가지고 있으며, 케임브리지 영어 시험 First Certificate와 Certificate of Proficiency 시험을 합격했다. 또한 런던의 루카스 비서 학원에서 영문 속기 1분에 120단어, 타자 1분에 50단어의 속도를 달성했고 사무 절차 관련 훈련도 받았다. 타자, 속기, 팩스 기계 운용 등 특별한 훈련을 받았으며 IBM-PC에 대한 경험과 워드 프로세서, 팩스 기계, 사진기기 및 기타 사무 장비를 능숙하게 다룰 수 있다고 한다."
test_22,"손님이 스테이크를 미디엄 레어로 주문했으나, 실제 제공받은 스테이크가 너무 잘 익었고 질겨서 교환을 요청했습니다. 직원은 새로운 스테이크를 가져다 주겠다고 하며 몇 분의 대기 시간을 알렸습니다. 손님은 이에 동의하고 감사의 말을 전했습니다."
test_23,"A는 B에게 B의 소설이 노벨상을 받은 소식을 전한다. B는 믿을 수 없어하며 자신이 노벨상을 받을 줄 몰랐다고 말한다. A는 B를 축하하며 B가 너무 자랑스럽다고 말한다. A는 B에게 당연히 그럴 자격이 있다고 말하고, 축하 파티를 열자고 제안한다."
test_24,"A는 B에게 그 일을 할 수 있는 이유를 묻고, B는 자동차 디자인 전공과 과학 석사 학위를 받았기에 잘할 수 있을 것 같다고 답한다. 이어서 A가 이전 직장에서의 업무를 묻자, B는 학생 엔지니어로서 다양한 재료의 기계적 강도와 부식 저항성을 연구했다고 설명한다."
test_25,"상대방과 술 마시는 횟수와 양에 대해 이야기한다. 상대는 일주일에 두세 번 정도 술을 마시고, 화자는 가끔씩 술을 마시는 편이다. 화자는 맥주를 두 잔 정도 마시면 얼굴이 빨개지는 편이라 세 잔 이상은 잘 마시지 않는다고 한다. 상대는 맥주를 많이 마시는 편이며, 프로모션이 있는 곳을 찾아다니며 술을 마시면 돈을 아낄 수 있다고 한다. 화자는 맥주를 좋아하지만 많이 마시면 두통이 와서 적응하려고 노력 중이라고 한다. 상대는 내일 밤에 램 바 & 그릴에서 피처 프로모션을 한다며 함께 가자고 제안한다."
test_26,"엄마와 메이아는 다음 날 가는 소풍 준비에 대해 대화한다. 메이아는 토스트와 치킨 윙을 가져가길 원하고 엄마는 과일 샐러드와 크래커를 준비하겠다고 한다. 소풍 준비물을 모두 챙긴 뒤, 거실로 옮기는 것을 메이가도와주기로 한다. 메이는 동생 다니엘에게 도와달라고 하는 엄마의 말에 혼자 할 수 있다고 대답한다."
test_27,"대화 요약:

Muriel Douglas와 James는 처음으로 만나게 되어 반가워하며 대화를 나눕니다. James는 Muriel에게 새 계정에 대한 회의에 참석해줘서 감사하다고 전합니다. 그들은 휴일 계획에 대해 이야기하며, James는 가족과 함께 Tahoe에서 스키를 즐겼고, Muriel은 L.A.에서 휴식을 취했다고 합니다. 영화 '킹콩'에 대한 이야기도 나오며, 둘 다 Tahoe에서의 스키 여행을 선호한다고 합니다. James는 아내가 스키를 좋아하지 않아 따뜻한 하와이를 선호한다고 언급하고, Muriel도 하와이를 좋아한다고 공감합니다. James는 동료인 Susan Kim을 소개하며 대화가 이어집니다."
test_28,"A는 여자친구 때문에 많은 돈이 필요하게 되었고, B은행의 ATM에서 돈을 찾으려 했다. 그러나 ATM은 A의 의도와 다르게 작동하여 10000달러를 세계 야생동물 재단으로 이체하려고 했다. A는 당황하여 취소하라고 했지만, ATM은 거래를 완료하고 A의 돈을 가져갔다. 이후 A는 돈을 돌려달라고 했지만, ATM은 위험 상황을 선언하고 봉쇄되었다. 결과적으로 A는 돈을 잃게 되었다."
test_29,B는 사교적인 사람으로 친구들과의 어울리는 것을 좋아한다. 직장 동료들과 대화할 때는 진심을 전하는 것을 가장 중요한 전략으로 여긴다.
test_30,"A와 B는 대화에서 B가 현재 일을 잠시 쉬고 싶다는 이야기를 나누고 있다. B는 음료수를 사러 가려고 하지만, A가 그 가게에 자신의 상사가 있다고 하여 직접 가기로 한다. 그러나 B는 지갑에 충분한 돈이 없어 걱정하고, A는 B에게 시도해보라고 권유한다. 결국 B는 4달러만 가지고 음료수를 사러 가게로 향한다."
test_31,"A와 B는 재무 보고서 작업에 대해 이야기한다. A는 오늘과 금요일 오전에 시간이 없다고 하고, B는 보고서 검토가 필요하다고 강조한다. 결국 A는 금요일 오후 1시부터 4시까지 가능하다고 하고, B는 그 시간에 만나기로 한다."
test_32,"인터뷰 준비를 위한 워크숍에서 참가자 A는 다음 주 인터뷰를 위해 이 워크숍에 참가하게 되어 기대된다고 말했다. 강사 B는 모두 인터뷰에 도움이 될 것들을 배우고 있다고 말하며, 인터뷰에 들어가기 전 중요한 고려사항으로 옷차림과 태도, 친절함을 언급했다. A는 정직하게 대답하는 것도 중요하다고 말했고, B는 면접관들이 지원자가 그들에게 맞는 사람인지 알고 싶어한다고 강조했다."
test_33,"대화자 A는 대화자 B의 연기가 캐릭터의 감정을 제대로 표현하지 못했다고 판단하여 다시 시작하자고 제안한다. A는 B의 캐릭터가 이별을 통보받은 상황에서 분노를 더 표현해야 한다고 생각하지만, B는 캐릭터가 분노와 슬픔을 함께 느낄 것이라고 생각한다. A는 자신의 방식대로 연기를 진행하고, 후에 여전히 부적절하다고 느껴지면 다른 방법을 시도해보자고 제안한다."
test_34,"A는 아내와 쇼핑을 가기 전에 Mrs. Todd에게 작별인사를 하러 왔다. Mrs. Todd는 A의 방문에 감사하며, 이사 온 A에게 먼저 찾아가지 못한 것을 미안해했다. A는 Mrs. Todd가 필요한 것이 있는지 물어보며 도움을 제안했고, Mrs. Todd는 감사의 말을 전했다."
test_35,"A와 B는 빌의 안색에 대해 대화를 시작한다. 빌은 이번 주에 매일 밤 열 시까지 일하느라 피곤하다고 답한다. A는 빌에게 오늘은 퇴근 시간에 집에 가서 푹 쉬라고 권한다. 빌은 그럴 생각이라고 답하며, 형에 대해 언급한다. 빌의 형은 잘 지내지만 엄청 바쁘고, 2주 전에 출장으로 미국에 갔다고 한다. A는 그의 형이 아직 돌아오지 않았다는 사실에 놀라워한다. 빌은 그의 형이 몇 주 더 있어야 돌아올 거라고 답한다. A는 그의 친구를 만나기로 해서 시간을 확인하고, 빌의 시계를 빌려 시간을 확인한다. 빌의 시계는 4시 30분을 가리키고 있다."
test_36,"Simon은 Cleo에게 핵무기 확산을 막는 시위 참여를 권유하지만, Cleo는 시위가 싫다며 거절한다. Simon은 역사적으로 시위가 정치인들의 생각을 바꾼 사례를 들며, 책임 있는 시민으로서 자신의 신념을 지키는 게 중요하다고 주장한다. Cleo는 이해도 안 되고 시위에 가고 싶은 생각도 없다며, 다른 사람에게 맡기겠다고 말한다. Simon은 평화로운 시위가 될 거라며 다시 한번 참여를 권유하지만, Cleo는 물리 시험 공부를 계획한다며 거절한다."
test_37,"A는 B가 모르는 사람을 쉽게 집에 들여보낸 것에 대해 잘못했다고 말한다. B는 누군가가 전기나 가스 관련 업무를 위해 방문했다고 하면, 특히 신분증까지 보여주면 괜찮다고 생각하고 들여보내게 된다고 변명한다."
test_38,Maggie에게 역사 노트를 빌리려던 Mark는 Maggie가 노트를 카페테리아에서 본다는 사실을 알고 도서관에서 복사하기로 한다. Mark는 수업 시간에 졸려서 노트를 잘 못 적기에 Maggie의 노트가 필요하다고 말한다. 둘은 서로의 필요에 의해 스터디 파트너가 되기로 하고 오늘 도서관에서 시작하기로 한다.
test_39,"학생은 다음 학기에 Turner 교수의 지질학 고급 과목 수강을 희망한다. 아직 3학년이지만, 이 분야에 대한 관심과 지난 학기의 쉬운 수업 경험을 바탕으로 교수에게 수강 허락을 요청했다. 교수는 학생의 열정을 이해하고, Burman 교수와 상의 후 준비가 되었다고 판단되면 수강을 허락하기로 했다. 학생은 교수의 배려에 감사를 표했다."
test_40,고객은 방금 전에 가게에서 구매한 펜던트가 호텔로 돌아오는 도중 깨져서 새 것으로 교환하고 싶어한다. 직원은 영수증을 가지고 10시까지 가게로 방문하면 교환해 주겠다고 답변한다.
test_41,"A는 B에게 박싱 데이 세일을 가기 전 새 옷을 구매하려 하며 의견을 묻지만, B는 A가 계속 옷 얘기만 한다며 자신이 보려는 게임에 집중하지 못하게 한다고 짜증을 낸다. 결국 둘은 서로의 관심사에 대해 이해하지 못한 채 다투게 된다."
test_42,"A씨와 B씨는 다양한 직업 선택에 대해 이야기한다. B씨는 미디어 업계에 관심이 있으며, TV, 신문, 인터넷 등 다양한 분야가 있다고 말한다. A씨는 TV 뉴스 디렉터 자리를 제안하지만, B씨는 스트레스가 많을 것 같다며 거절한다. 대신 잡지에 글을 쓰는 건 어떠냐고 제안하고, B씨는 컴퓨터와 관련된 인터랙티브 미디어에 더 관심이 있다고 말한다."
test_43,"A와 B는 도착 후 지루함을 느끼고 있다. A는 데일리 뉴스에서 일하며 중요한 인터뷰를 해야 하기 때문에 B에게 스스로 재미를 찾으라고 한다. B는 아이팟과 헤드폰을 가지고 있지만, A는 예의가 아닐 것 같다고 말한다. 대신 A의 가방에 있는 옛날 신문을 읽어보는 것을 제안하고, 그 안에 있는 퍼즐이나 게임 섹션을 추천한다. B는 퍼즐을 싫어한다고 답하고, 신문에 만화 섹션이 있는지 묻는다. A는 아마 있을 것이라고 답하고, 현재 연설 중인 자선 단체의 수장의 말을 잘 들으라고 당부한다."
test_44,"사라에게 이사 갈 생각이 있는지 묻는 대화. 이사를 가면 비용이 많이 들지만 도시 중심에서 떨어진 곳에 집을 사면 비용을 아낄 수 있다고 말한다. 실제로 그렇게 해서 집을 산 시누이와 형부도 꽤 만족하고 있다고 한다. 그렇게 산 집은 50년 정도 된 집이지만 크게 수리가 필요한 부분은 없었고, 위치가 저녁에는 약간 위험할 수 있지만 이웃끼리 잘 지내고 있어 문제가 없다고 한다."
test_45,"대화 요약:

A씨는 이번 주 People You Meet에 청취자들을 환영하며 런던의 정보 담당관인 Mark Leach씨를 소개한다. B씨는 자신을 소개하고 영국 관광청의 관광 사무소에서 정보 담당관으로 일하며 해외 방문객들에게 관광 정보를 제공한다고 설명한다. 매년 약 50만 명의 방문객이 사무소를 찾으며, B씨는 10명의 담당관으로 구성된 정보팀을 총괄하고 13개 언어를 구사한다고 말한다. A씨는 방문객들의 요구를 어떻게 충족시키는지 묻고, B씨는 그들의 역할을 원스톱 샵으로 설명하며 여행 계획 수립을 돕는다고 설명한다. A씨는 영국 방문객들에게 어떤 제안을 하는지 묻고, B씨는 가능한 한 많이 보고 여러 차례 방문하여 영국의 다양한 지역을 경험하라고 제안한다."
test_46,"Lucy와 Lin Fang은 서로의 좋아하는 과목에 대해 이야기하고 있다. Lucy는 영어를 가장 좋아하고, Lin Fang은 영어를 어려워하지만 Lucy는 쉽게 느낀다. Nancy는 영어를 어려워하지만 가장 좋아하며, 과학을 별로 안 좋아한다. Lin Fang은 중국어와 과학을 모두 좋아하지만, 중국어를 조금 더 선호한다. Lucy는 수학을 가장 싫어하고, 영어 다음으로 체육을 좋아한다."
test_47,"A는 Mrs. Thomas의 집 앞 계단을 쓸고 쓰레기를 버리는 등 집안일을 도왔고, 개 산책도 제안했다. Mrs. Thomas는 A의 도움에 감사했고, A는 주말에 일하는 것이 농구 연습을 위한 자전거를 사기 위한 목적이 있다고 밝혔다. 다음 주말에는 A가 가족을 만나러 가야 해서 여동생 Allison이 대신 도와주기로 했다."
test_48,"봄이 왔지만 밤에는 여전히 춥고, 실내에서는 에어컨을 이용한 온풍이 필요하며, 실외에서는 바람이 불면 금방 추워진다는 대화 내용입니다."
test_49,"연기 감독 A는 배우 B의 연기가 캐릭터의 감정을 제대로 표현하지 못한다고 판단하여 다시 해보길 요청한다. B는 캐릭터의 복잡한 감정을 표현하기 위해 화와 슬픔을 동시에 보여주려 하지만, A는 일반적인 남성의 반응으로 먼저 표현하고 이후에 진짜 감정을 드러내는 것이 더 적절하다고 조언한다."
test_50,"손님이 택시를 잡아 프렌드쉽 호텔로 가달라고 요청한다. 택시기사는 손님의 급한 상황을 듣고 빠르게 이동한다. 목적지에 도착한 후, 손님은 미터기 요금보다 더 많은 금액을 지불하고 거스름돈은 거절한다. 택시기사는 감사의 인사를 전한다."
test_51,"A는 B에게 자신이 무일푼이고 다른 버스를 타야 한다고 말한다. A는 배고픔에 과자를 구매해 돈이 없게 되었다고 설명하고, B에게 버스 잔돈을 빌려달라고 요청한다. 그러나 B도 돈이 없다고 대답한다. A는 집에 돌아갈 방법을 모르겠다고 걱정하자, B는 버스 기사님께 환승권을 받아보라고 제안한다. A는 환승권의 비용이 얼마인지 묻고, B는 비용이 들지 않는다고 알려준다. A는 안도하며 B에게 도움을 받아 감사하다고 말한다. B는 별말씀을요라고 대답한다. 결국 A는 환승권을 통해 무료로 버스를 탈 수 있게 된다."
test_52,"대화에 따르면, 대화자 A는 현재 위치에서 시내까지 차로 15분 정도 걸린다는 정보를 얻었고, 동네에는 미쓰비시, HP, IBM 등 유명한 기업들이 위치해 있다는 것을 알게 되었다. 또한, 대화자 B는 자신의 회사가 해당 건물의 6층과 7층을 사용하고 있으며, 회사 내에 식당이 복도 끝에 있다고 설명했다. 이를 통해 A는 대화자 B의 회사가 상당히 큰 규모임을 파악했다."
test_53,Lulu가 Vic과 헤어지고 전근을 신청했다는 소식을 A가 전함. B는 그들의 연애 사실조차 몰랐다고 반응함. Lulu는 사무실에서 조용하고 프로페셔널하게 행동했기 때문에 거의 아무도 그들의 관계를 알지 못했다고 A가 설명함.
test_54,"전화기 너머의 남자는 짐을 찾으며 그에게 전달사항을 말하고 싶어하지만, 짐은 이미 외출한 후였고 돌아오는 길에 술집에 들를 수도 있다는 답변을 듣는다. 그래서 남자는 짐이 돌아왔을 때 전화를 받았었다는 것을 전해달라고 부탁하고, 나중에 다시 전화하기로 한다."
test_55,"A씨는 B씨에게 시청 가는 길을 물어봤다. B씨는 A씨에게 코너에서 센터 스트리트로 좌회전 후, 세 블록 걸어서 세컨드 애비뉴에서 우회전하고, 두 블록 더 걸어가면 왼쪽에 시청이 있다고 알려줬다. A씨는 잘 못 들어서 몇 번이고 다시 물어봤지만, B씨의 친절한 설명 덕분에 길을 제대로 알게 되었다. A씨는 B씨에게 감사 인사를 전했다."
test_56,"대화자 A는 여권을 분실했고, 마지막으로 여권을 사용한 장소가 백화점의 신발 코너였다고 말한다. 대화자 B는 백화점의 해당 코너에 여권이 발견되었는지 확인해 보았으나 없었다. B는 분실물 보고서를 작성하고, 대사관에 연락하여 새 여권을 발급받을 수 있도록 제안한다. A는 이에 동의하고 펜을 빌려 분실물 보고서를 작성한다. A는 여행할 때마다 무언가를 잃어버리는 습관이 있다고 언급한다."
test_57,"Ms. Collins는 급한 일로 인해 다음 주까지 연락이 안 돼서, Leah가 대신 연락하여 Ms. Collins와 이야기하고 싶었던 Nathaniel에게 다른 상담원과의 약속을 제안했다. Nathaniel은 Ms. Fonda와 이야기하고 싶다고 했고, Leah는 Ms. Fonda가 오늘 오전 11시 30분에 시간이 된다고 하여 그 시간에 약속을 잡았다."
test_58,A와 B는 Sarah가 Dick과만 결혼하겠다고 말한 것에 놀랐다. A는 Dick이 많은 여자들과 놀아난다는 소문을 들었기 때문에 그가 Sarah에게 어울리는 사람인지 의문을 제기했다. B는 Sarah가 Dick이 자기만 사랑해준다면 상관없다고 말했다고 전했다.
test_59,"친구들과의 대화에서 한 명의 친구가 파티의 분위기와 여자들에 대해 이야기하며 다른 친구에게 매력적인 여성에게 다가가 말을 걸어보라고 권유한다. 다른 친구는 긴장과 자신감 부족으로 망설이지만, 결국 용기를 내어 그 여성에게 다가가기로 결정한다."
test_60,"A는 B에게 이번 학기 수업에 대해 묻는다. B는 정치학 수업이 마음에 들었지만, 가장 좋아하는 수업은 아니라고 답한다. B는 작년에 들은 비즈니스 커뮤니케이션 수업을 가장 좋아한다고 말하며, A도 그 수업을 들어보길 추천한다."
test_61,"대화자들은 베이징의 날씨 변화에 대해 이야기하고 있다. 어제는 궂은 날씨였지만, 오늘은 좋은 날씨다. 밤에 비가 올 수 있고, 강한 바람이 불 수 있다는 예보가 있다. 베이징은 더 이상 먼지가 큰 문제가 아니며, 오랫동안 나무를 심어왔기 때문이라고 한다. 베이징의 가을은 아름답지만, 여름은 너무 덥고, 봄은 따뜻하고 짧다고 한다. 겨울은 춥고, 지금은 저녁에 시원할 수 있으니 옷을 더 입어야 한다고 한다."
test_62,"A와 B는 오늘 밤 영화 관람 계획을 논의하고 있다. B는 공포 영화, 탐정 영화, 코미디 영화, 멜로 영화 등 여러 장르에 대해 부정적인 반응을 보이며, 결국 전쟁 영화를 보러 가자는 제안을 한다. A는 여자애가 전쟁 영화를 보고 싶어하는 것이 의외라는 반응을 보인다."
test_63,"대화 상대인 A와 B는 학교 건물에 대해 이야기하고 있다. B는 A에게 학교 안내를 해주며 제일 높은 건물은 1,000,000권 이상의 책이 있는 도서관이라고 알려주었다. 또한, 도서관 남쪽에 있는 건물은 고등학교 교실 건물이라고 설명하였다. 그리고 학교 내에 큰 수영장이 하나 있지만 여름에만 개방된다고 한다. A는 학교에 대한 관심을 보이며 언젠가 그 학교에 다니고 싶다는 바람을 표현하였고, B는 A의 꿈이 이루어질 것이라고 격려한다."
test_64,"남녀가 임신에 관한 좋은 소식을 나누는 대화. A는 B에게 임신 사실을 알리고, B는 기뻐하며 반응을 보인다. 두 사람은 곧 태어날 아기에 대해 기쁨을 나눈다."
test_65,"John은 일주일에 일곱 번 데이트를 하고 있으며, 그가 그녀에게 빠진 것 같다는 이야기가 오간다. 두 사람이 잘 어울리는 커플이라는 데에 동의한다."
test_66,"대화 요약: A는 B에게 시스템 업그레이드를 제안하며, 그림 그리기 프로그램 소프트웨어 추가, 빠른 프로세서, 강력한 하드 디스크, 더 많은 메모리, 더 빠른 모뎀, CD-ROM 드라이브 등의 하드웨어 업그레이드를 권장한다. B는 이러한 제안에 관심을 보이며 감사함을 표한다."
test_67,"A와 B의 대화는 B가 크렌쇼와 호손, 홀리데이 인 코너로 가는 것을 A가 도와주면서 시작된다. B는 중국에서 왔다고 말하지만, A가 중국인 같지 않다고 말하자 사실은 멕시코 출신이며 출장차 중국에 다녀왔다고 설명한다. B는 26살이고 해외에서 사업을 하고 있으며, A는 40살의 미국인으로 콜롬비아 혈통이 조금 섞여 있다. B는 A가 젊어 보인다며 칭찬하고, A는 스페인어를 할 수 있다고 답한다. B는 이에 'Que bien!'이라며 반응한다."
test_68,"A와 B는 A의 체중 증가에 대해 대화한다. A는 식이요법을 시도했지만 효과가 없었고, B는 운동 수업에 참여해보는 것을 제안한다. A는 이를 고려해보기로 한다."
test_69,"손님인 B는 레스토랑에 여덟 명이 앉을 수 있는 자리로 예약하고 방문했다. 그러나 직원 A는 방이 준비되지 않았다고 사과하며 식당 홀의 창가 자리를 제안했다. 그러나 B는 예약된 방에서 기다리겠다고 요청했고, A는 웨이트리스가 안내할 것이라고 답했다."
test_70,"대화 요약: A와 B는 공장에 대해 이야기한다. B는 공장이 75,000 평방미터의 면적을 차지하며, 70년대 초기에 설립되어 곧 50주년을 맞이한다고 설명한다. A는 공장의 규모에 놀라며 축하의 말을 전한다. B는 공장에 500명의 직원이 세 교대로 일하고 있으며, 원재료부터 완제품까지 모두 처리한다고 말한다. A와 B는 생산 현장을 방문하기로 하고, 조립 라인부터 시작하기로 한다."
test_71,B는 대학 졸업 후 York에 있는 York Herald라는 지역 신문사에서 인턴으로 시작하여 주니어 로컬 뉴스 리포터로 2년간 근무했다. 스포츠 뉴스 섹션을 담당하며 즐거운 시간을 보내고 능력을 키웠다. 그러나 2006년 남편과 함께 런던으로 이사하게 되어 런던 주간지에서 새로운 자리를 찾았다. 이직은 여러 면에서 이전 직장보다 낮은 단계였지만 미래를 위한 전망이 더 좋았다.
test_72,"A와 B는 내일 조별 발표를 위해 필요한 물품을 사러 문구점에 가기로 한다. 발표 주제를 강조하기 위해 멋진 포스터를 만들기로 하고, 필요한 물품을 쇼핑 리스트로 작성한다. 마커, 색연필, 가위 한 쌍, 형광펜, 자 등이 필요하고, 문구점 선반에 있는 표시판을 보고 원하는 물품을 쉽게 찾을 수 있었다. 추가로 압정, 수정액, 종이클립도 필요하다는 것을 알게 된다."
test_73,"여자는 매일 인력시장을 다니며 많은 에너지를 소비하고 피곤함을 느낀다. 남자는 인터넷 구직 방법을 추천하며 편리하고 인기 있는 방법이라고 설명한다. 여자는 인터넷 구직 방법에 대해 궁금해하고, 남자는 온라인 접속과 이메일 지원, 구직 사이트 활용 방법을 알려준다. 여자는 안전성에 대해 걱정하지만, 남자는 공식 사이트를 이용하면 안전하다고 안심시킨다. 여자는 바로 시도해보기로 한다."
test_74,"대화자 A는 대화자 B가 무엇을 하고 있는지 묻고, B는 예산을 짜고 있다고 답한다. B는 쇼핑 예산을 만들고 있으며, 한 달에 300달러만 쓸 수 있다고 설명한다. A는 B가 왜 그렇게 적은 금액만 쓰는지 묻고, B는 고지서를 내기 위해 나머지를 아껴야 한다고 말한다. A는 B의 예산 계획에 대해 긍정적으로 평가하고, B는 돈을 많이 아낄 수 있을 것이라고 기대한다. 요약하자면, B는 고지서를 내기 위해 쇼핑 예산을 300달러로 정하고 돈을 아끼려고 한다."
test_75,Jane은 Susan을 만나러 병원에 가려고 한다. Henry는 7번 버스를 타지 말고 13번 버스를 타라고 권한다. 13번 버스가 더 자주 다니기 때문이다. 하지만 13번 버스는 시내 중심에서 출발하기 때문에 두 마일을 걸어가야 한다. Jane은 13번 버스를 타기로 결정한다.
test_76,"A씨와 B씨는 만나서 내년 판매 예측에 대해 이야기하려고 한다. A씨는 B씨가 설정해준 스프레드시트를 사용하는 데 어려움을 겪고 있어 도움을 요청한다. B씨는 금요일 오후에 시간을 내줄 수 있다고 제안하지만, A씨는 금요일에 시간이 없다고 하여 다음 주 화요일 오후 2시 30분에 B씨의 사무실에서 만나기로 한다."
test_77,"A는 뉴욕 여행에 대해 안내원 없이 불안함을 느끼며 B에게 조언을 구한다. B는 '뉴욕에서의 친구'라는 개인 관광 안내 서비스를 추천하고, A는 이에 관심을 보인다. B는 해당 서비스가 설문지를 통한 정보 입력 후 예산에 맞춘 여행 일정을 제공한다고 설명한다. A는 설문지 획득 방법을 묻고, B는 그들의 웹사이트에서 다운로드 가능하다고 알려준다. A는 B에게 감사의 말을 전한다."
test_78,"대화 요약: A와 B는 A의 회사에 대해 이야기한다. B는 A의 회사에 대해 잘 알고 있으며, 주로 어린이 장난감을 생산하고 전 세계적으로 많은 직원이 근무하고 있다는 것을 알고 있다. A는 B에게 어떤 부서에서 일하고 싶은지 묻고, B는 영업부에서 일하고 싶다고 답한다. A는 B의 현재 연봉을 묻고, B는 월 2,000 위안, 수당과 보너스를 더해 한 달에 약 3,000 위안을 받는다고 답한다. A는 회사의 시작 월급과 복리후생에 대해 설명하며, B는 이에 만족을 표한다."
test_79,"A는 계약서에 서명하러 왔지만, B는 계약서가 아직 준비되지 않았다고 답했다. B는 오늘 저녁에 계약서를 작성하고 사본을 준비하겠다고 말했고, A는 이를 동의했다."
test_80,"전화로 렌터카 업체에 사고 신고를 하는 내용이다. 오늘 아침에 차를 렌트하여 나이아가라 폭포로 가던 중, 국경 근처에서 사고가 났다고 한다. 왼쪽으로 돌다가 가드레일을 들이받았고, 구급차와 경찰을 불러주길 요청한다."
test_81,A씨는 길을 잃어버려 B씨에게 학교 보건실로 가는 길을 물었다. B씨는 직진해서 신호등에서 좌회전하고 첫 번째 오른쪽 길로 들어가면 약 5분 정도 걸려 보건실에 도착할 수 있다고 길을 알려주었다. A씨는 B씨에게 감사의 인사를 전했다.
test_82,"고객은 방의 소음으로 인해 불편을 겪고 방 변경을 요청합니다. 직원은 해당 방이 복도 끝이라 아침에 소음이 들릴 수 있다고 설명하며 사과하고, 내일 관광 회사가 떠나면 방을 변경해 주겠다고 약속합니다. 고객은 내일까지 기다려 주기로 하고, 필요한 것이 더 있으면 말씀해 달라는 직원의 말에 알겠다고 대답합니다."
test_83,"대화 요약:

A는 B를 문 밖에서 기다리고 있는 차로 안내하고, B의 짐을 트렁크에 넣고 뒤쪽에 탑승하도록 도와줍니다. B는 비행기가 편안했지만 조금 피곤하다고 말합니다. A는 10분 후면 베이징 호텔에 도착할 것이라고 알려주고, 도착하면 올라가서 쉬라고 조언합니다. A는 Mr. Wu가 저녁에 B를 위한 연회에 초대하고 싶다고 전하며, B는 수락합니다. 연회는 국제 호텔에서 6시에 열리며, A는 오늘 오후에 픽업하러 갈 것이라고 말합니다. 또한, A는 B가 관심이 있다면 관광도 준비할 것이라고 제안하고, B는 감사의 말을 전합니다."
test_84,"A는 B에게 길을 잃었고 지도에서 자신의 위치를 찾는 데 도움을 청했다. B는 A가 올림픽 공원 근처에 있다고 알려주었다. A는 유이창에 가려고 한다고 말했고, B는 그곳이 중국 골동품 가게와 그림으로 유명하다고 설명했다. A가 관심 있다고 하자, B는 713번 버스를 타야 유이창에 갈 수 있다고 알려주었다."
test_85,"대화 상대 A와 B는 컴퓨터 문제로 대화를 나눈다. B의 컴퓨터는 켤 때마다 멈추는 문제가 있고, Mr. Li의 도움으로도 해결되지 않았다. A는 컴퓨터에 대해 잘 모르지만, 수리공에게 연락해보는 것을 제안하고, B는 그 제안에 따라 수리공에게 전화하기로 한다. B는 오늘 오후까지 끝내야 할 보고서가 있어 문제 해결을 서두르고 있다."
test_86,"손님이 어머니의 생신 선물을 사기 위해 도움을 요청한다. 점원은 목걸이와 시계를 추천하고, 결국 손님은 시계를 구매하기로 결정한다. 시계는 크고 명확한 숫자가 특징이며, 나이 드신 분들에게 인기가 많다고 한다. 손님은 시계가 어머니에게 잘 어울리길 바란다."
test_87,"A씨와 B씨는 토요일 오전 11시에 시작되는 발표에 대해 이야기하고 있다. 발표는 12시 30분까지 이어지고, 10시부터 2시까지 방이 필요하다. 발표 전에는 커피를 제공하고, 끝나고 음료와 스낵도 준비할 예정이다. A씨는 참석자들이 무료 점심을 기대하지 않을 것이라며 스낵 뷔페 정도로 준비하자고 한다. B씨는 방, 커피, 스낵 뷔페를 15% 할인가로 제공하고, 음료는 비례해서 청구할 것이라고 말한다. A씨는 전시용으로 다섯 개의 테이블과 스탠드가 필요하다고 하고, 방에 있는 오버헤드 프로젝터와 음향 시스템의 작동 상태를 확인해 줄 것을 요청한다. B씨는 기술자가 준비 시점에 함께 있을 것이라고 답한다. A씨는 초대장을 100장 보냈지만, 몇 명이 올지는 직전까지 알기 힘들다고 말한다. B씨는 방의 수용 인원이 약 50명이고, 40"
test_88,"대화에서는 러시아와 캐나다의 문화적 차이를 비교하고 있다. 러시아에서는 사람들이 빠르게 움직이고 말하며 운전도 빠르게 하지만, 은행이나 우체국 같은 공공 서비스에서는 시간이 오래 걸리는 반면, 캐나다에서는 공공 서비스는 빠른 편이지만 사람들의 행동은 더 여유롭다고 설명한다. 또한, 캐나다는 새로운 기술을 활용해 비즈니스를 더 효율적으로 운영하는 반면, 러시아는 여전히 전통적인 방식을 고수하고 있다고 언급한다. 마지막으로, 캐나다 사람들은 러시아나 미국 사람들에 비해 더 차분하고 여유롭다고 결론짓는다."
test_89,"대화 참여자들은 올해 휴가를 카리브해로 가기로 계획하고 있지만, 최근 폭풍으로 인한 피해에 대한 우려를 표현하고 있습니다. 그들은 날씨에 대한 불확실성을 인지하고 있으며, 여행 결정 시 운에 맡겨야 할 수도 있다고 언급하고 있습니다."
test_90,"A는 소풍에 가져갈 과일이 있는지 묻고, B는 바나나를 찾을 수 있었지만 오렌지는 다 먹었다고 한다. 대신 포도나 사과를 제안하고, A는 포도를 가져가기로 결정한다."
test_91,"경제형 차량 렌트 비용이 하루 $19 또는 일주일 $129이며, 주행 거리는 무제한이다. 내일 아침 차량 대여를 위해 손님은 운전면허증을 제시하고 대여 양식을 작성해야 한다."
test_92,"A와 B는 공공장소에서의 웃음에 대해 이야기한다. A는 엘리베이터와 같이 좁은 공간에서 웃는 것이 다른 사람들을 불편하게 할 수 있다고 주장한다. 반면, B는 사람들이 무표정하면 지루하다고 느낀다. A는 이유 없이 계속 웃는 사람들 때문에 피곤하다고 하지만, B는 그것이 좋아하는 사람이 아니라면 그런 느낌이 들 수 있다고 설명한다."
test_93,"회사의 작년 판매 실적이 크게 증가하여 8%의 시장 점유율과 120%의 성장을 달성했다. 연간 판매 기록을 갱신하고 매달 수입도 예측을 초과하여 2년간의 침체 후 흑자로 돌아섰다. 이러한 성공은 Wallace의 경영과 새로운 마케팅 전략, 특히 새로운 광고 캠페인의 영향으로 분석된다. 회사 관계자들은 이러한 행운이 지속되어 재정적 어려움이 끝나기를 희망한다."
test_94,"친구 A와 B의 대화에서 B는 어제 택시 타고 내릴 때 지갑이 든 가방을 차에 두고 내렸다고 한다. A는 B가 가방에 있던 돈을 잃어버려 어려움을 겪고 있다는 것을 알고, B가 필요로 하는 50달러를 빌려주기로 한다. A는 또한 B를 집까지 데려다주겠다고 제안하고, B는 이를 감사히 받아들인다."
test_95,"중국에 방문한 미국인 B와 중국인 A의 대화에서, A는 중국에서 팁 문화가 일반적이지 않다고 설명한다. B는 팁 문화가 없는 것에 대해 놀라워하며, 미국에서는 팁이 일반적이라고 말한다. A는 호텔이나 일부 레스토랑에서는 서비스 요금이 추가되지만, 그 외에는 팁을 주지 않는다고 설명한다. B는 택시 기사나 포터에게도 팁을 주지 않는다는 것에 대해 의아해하지만, A는 중국에서는 일반적인 관행이 아니라고 설명한다."
test_96,"A는 빌이 오늘 행복해 보인다고 말한다. 빌은 오늘 룸메이트와 헤어져서 이사했다고 말한다. A는 놀라며 무슨 일이 있었는지 물어보고, 빌은 뇌락커(Brain Locker)라는 사람을 아냐고 묻는다. A는 모른다고 답하고, 빌은 뇌락커의 생김새를 설명한다. A는 몇 번 본 것 같다고 말한다."
test_97,"호텔 계산 대화. Tom Wilson은 4박을 하였고, 하루 숙박 요금은 90달러이다. 또한 호텔에서 식사를 하여 해당 요금이 추가되어 총 660달러가 나왔다. 신용카드로 결제 의사를 밝히고, 계산을 완료한다."
test_98,"캐롤은 수잔으로부터 전화를 받았으나 샤워 중이어서 B에게 대신 받아달라고 했다. B는 수잔이 파티의 날짜와 시간을 묻고자 함을 알게 되었고, 내일 밤 8시 반에 질의 집에서 파티가 있음을 수잔에게 전달했다. 또한 수잔이 디저트를 가져오고 싶다면 가져와도 된다고 전했다. 이후 B는 수잔에게 전달사항을 정확히 알렸고, 두 사람은 좋은 저녁을 보내라는 인사로 대화를 마무리했다."
test_99,"A는 B를 어디서 본 것 같다고 생각하고 B에게 물어보지만, B는 A의 물음에 모두 부인한다. A는 기억을 더듬어 B가 모퉁이에 있는 Whole Bean Cafe에서 일하는 것을 기억해낸다. 그러나 B는 그 또한 아니라고 대답하며 자리를 떠난다."
test_100,"대화 참여자 A와 B는 도널드 트럼프의 대통령 재선 가능성에 대해 다른 의견을 가지고 있다. B는 트럼프가 다시 대통령이 되는 것을 지지하고 자랑스러워하지만, A는 트럼프가 대통령이 되는 것을 상상할 수 없으며 그의 재선을 원하지 않는다. A는 트럼프가 미국을 변화시키는 데 적합한 인물이 아니라고 생각하며, 대신 조 바이든에게 투표할 계획이다."
test_101,"A는 ATM 사용법을 모르고 B는 A를 도와주기로 한다. B는 A에게 카드를 기계에 넣고, 비밀번호를 입력한 후 원하는 옵션을 선택하라고 설명한다. A는 B에게 감사한다."
test_102,수잔 밀러가 존에게 사무실 절차에 관한 메모의 위치를 묻는다. 존은 미안하다고 하며 그 메모를 본 지 꽤 오래되어 모른다고 답한다. 수잔은 알겠다고 하며 존에게 고마움을 표한다.
test_103,"A는 이번 주말에 B와 함께 강변으로 소풍을 가자고 제안했다. B는 좋다고 답했고, A는 편한 옷과 걷기 좋은 신발만 준비하면 되며 다른 것은 필요하지 않다고 말했다."
test_104,"중국 연회에 초대된 경험이 있는 대화자 A는 중국에서의 식사 경험이 독특한지, 고향과 얼마나 다른지 묻는다. 대화자 B는 중국에서는 젓가락을 사용해야 하며, 중국 식탁에서의 행동에 대해 여전히 혼란스러워 한다고 답한다. A는 테이블 예절에 대해 언급하며, 외국인들이 중국에서의 식사 예절에 대해 모를 수 있는 규칙들이 있다고 설명한다. 특히, 젓가락을 밥그릇에 꽂는 행동은 불길하다고 여겨지며, 이는 죽은 사람에게 바치는 향 두 개를 닮아서 그렇다고 한다. 이러한 예절은 함께 있는 사람들을 당황하게 할 수 있으므로 주의해야 한다고 강조한다."
test_105,"대화 요약:

Frank와 Mary는 여가 시간에 영화 보는 것을 좋아한다고 이야기합니다. Frank는 코미디, SF, 스릴러 등 다양한 장르를 즐기는 반면, Mary는 예술 영화를 가장 좋아하지만 스릴러도 좋아한다고 합니다. Mary는 영화관을 가끔 가고, 주로 동네에 있는 Movie Salon에서 영화를 빌려 본다고 합니다. Frank는 Movie Salon에 대해 흥미를 느끼고 회원 가입을 고려하게 됩니다."
test_106,"대화 요약:  
A와 B는 정치와 환경 문제에 대해 이야기합니다. B는 정치 정당에 소속된 적은 없지만 녹색당에 가입을 고려한 적이 있다고 말합니다. A는 녹색당의 선거 승리 가능성이 낮다고 생각하지만, B는 작은 정치 단체나 압력 단체도 큰 정당에 영향을 미칠 수 있다고 설명합니다. 또한, 대부분의 사람들이 정치에 대해 잘 알지 못한다는 점에 동의하며, 미디어가 정치 사건을 자주 보도하더라도 사람들이 문제를 완전히 이해하지 못하는 경우가 많다고 언급합니다."
test_107,"A씨는 Wilson씨에게 상품 문제로 인한 유감과 사과를 전하며 첫 번째 문제는 조사 후 해결하고 두 번째 문제는 회사의 잘못을 인정하며 기준 미달 상품의 교환을 약속했다. B씨는 손실에 대한 책임을 물으며 재발 방지를 요구했고, A씨는 향후 포장 개선 계획을 밝히며 재발 방지를 약속했다."
test_108,"A는 B에게 은행에 침입한 강도 사건에 대해 질문한다. B는 은행에 있을 때 총을 들고 들어오는 강도를 보았다고 말한다. 강도는 가면을 쓰고 있었고, 혼자 들어왔다고 한다. A는 더 자세한 질문을 위해 B에게 경찰서에 와줄 것을 요청하고, B는 이에 동의한다."
test_109,오늘 저녁 부모님이 데이트하러 나가셔서 각자 해결해야 한다. 아빠와 엄마가 옛날 전통을 되살리기 위해 일주일에 한 번씩 외식하기로 했다. 피자를 주문할 수 있다는 제안이 있다.
test_110,"A는 새해 결심으로 다이어트를 하기로 했으며, 식습관을 완전히 바꾸겠다고 B에게 말했다. 정크푸드, 과자, 탄산음료, 튀긴 음식을 모두 끊을 것이라고 강조했다. 하지만 B는 A의 이전 유사한 다짐들을 기억하며 회의적인 반응을 보였다. A는 이번에는 진심이라며 1년 뒤 완전히 달라진 모습을 보여주겠다고 약속했다. 그 순간, A는 다른 음식을 먹으며 배부르다면서도 과자를 찾는 모습을 보였다."
test_111,"학생 Karen Huang은 Comp Lit 287 수업에 등록하려고 했지만, 수업이 만원이어서 등록할 수 없었다. 학과 사무실 직원은 대기자 명단에 올려줄 수 있지만, 그것이 수업에 들어가는 보장은 아니라고 말했다. Karen이 비교문학 전공이라고 밝히자, 직원은 대학 컴퓨터 시스템이 비교문학 학생들을 위해 287 강의에 추가 자리를 저장해 둠을 알려주었다. 특별 코드를 받아 전화 등록 시 사용하면 수업에 등록할 수 있었다. Karen은 감사하며 코드를 사용해 등록할 수 있을 것이라고 답했다."
test_112,"화자 A는 화자 B에게 시간을 물어보고, 현재 시간이 거의 11시 20분임을 알게 된다. 비가 많이 오는 중 A는 우산을 챙기지 못한 것을 후회한다. B는 A에게 우산을 같이 쓰자고 제안하고, A가 가든 호텔로 가고 있다는 것을 알게 된다. 결과적으로 둘은 같이 목적지로 향하기로 한다."
test_113,"Jack의 이전 차를 대체하는 새로운 차가 있습니다. Daisy는 새 차가 이전 것보다 훨씬 낫다고 생각하고, Jack은 Daisy에게 차를 타보라고 제안합니다. Daisy는 차가 빠르고 잘 돌아간다고 느끼며, Jack은 Daisy의 의견에 기뻐합니다. Daisy는 Jack이 좋은 선택을 했다고 칭찬합니다."
test_114,"A와 B의 대화에서 B는 큰불이 밤에 일어났다고 언급하며, 정확한 시간을 묻자 10시쯤이었다고 기억을 되살려 대답했다."
test_115,"손님이 쇼핑을 마치고 계산을 하려고 한다. 손님은 현금이 900위안밖에 없어 5위안의 서비스 요금을 제외하고 지불하려고 했지만, 직원은 가게 규칙상 그렇게 할 수 없다고 거절한다. 손님은 신용카드를 사용해 총 금액을 지불하고, 포장을 요청한 뒤 직원의 감사 인사에 응답하며 대화를 마친다."
test_116,"손님은 차 세차를 요청했고, 직원은 일반 세차 패키지가 차량 외부를 위아래로 세차하고 특별한 샴푸를 사용해 광택을 더하며, 창문 안팎을 닦고 내부의 먼지와 쓰레기를 제거하는 것을 설명했습니다. 손님은 일반 세차 패키지를 선택했습니다."
test_117,"해리는 올해 해외로 휴가를 가고 싶지만, 아내가 이집트에 가고 싶어해서 확정을 내지 못하고 있다. 해리는 배로 갈지 비행기로 갈지 고민 중이지만, 아내는 강아지, 집, 정원 관리 문제 때문에 여전히 걱정 중이다."
test_118,"사용법을 모르는 운동기구를 사용하는 방법에 대해 트레이너에게 도움을 요청했고, 트레이너는 운동카드를 만드는 것부터 시작하여 기구 사용법과 무게 설정 방법 등을 알려주겠다고 했다. 하지만 회원은 너무 지쳐서 기구 사용은 다음으로 미루고 중단하기로 결정했다."
test_119,"A와 B는 둘 다 실직 중이며 다음에 무엇을 할지 고민 중이다. A는 일단 먹고 살 정도의 일을 원하고, B는 전기 기술자 프로그램에 대해 관심을 보인다. 두 사람은 프로그램에 지원하는 방법을 알아보기로 한다."
test_120,"오늘 강아지들에게 밥을 주고 나중에 목욕을 시키기로 했다. 또한, 이번 토요일 오전 11시에 수의사 예약이 있으니 잊지 않기로 했다."
test_121,A는 B에게 이번 주 금요일까지 집주인 아주머니께 갚아야 하는 200달러의 빚 때문에 월요일에 월급이 들어오는데 그때까지 돈을 빌려달라고 부탁했다. B는 사정을 듣고 도와주고 싶지만 차에 새 엔진을 달아야 해서 저축한 돈을 다 써버렸다고 답했다. A는 전액을 못 빌려줘도 조금이라도 괜찮다고 말하며 월요일에 꼭 갚겠다고 약속했다. B는 주말까지 쓸 돈으로 50달러 정도 있다며 20달러 정도 빌려줄 수 있을 것 같다고 말했다. A는 고맙다고 말하며 오늘 저녁에 시간 괜찮으면 우리 집에 와서 저녁 먹는 건 어떠냐고 제안했고 B는 좋다고 답했다.
test_122,"A와 B는 자선 단체에서 일한 경험에 대해 이야기한다. B는 두 달 동안 자선 단체에서 일하며 사랑, 동정심, 평등 등의 가치를 배웠다고 말한다. A는 이러한 사회 활동이 마음에 어떤 영향을 주었는지 묻고, B는 그것이 자신의 사고방식에 직접적인 영향을 주어 더 넓은 시각에서 사물을 바라보게 되었고, 덜 신경질적으로 대하게 되었다고 답한다."
test_123,"대화 요약:
A와 B는 연락 방법에 대해 이야기하며, 전화나 이메일로 연락하라고 B가 말합니다. 결과는 약 일주일 후에 알 수 있다고 A가 알려주고, B는 감사의 말을 전하며 그때 만나기로 합니다."
test_124,"중국 술을 추천해 달라는 A에게 B는 모우탄 술을 추천한다. A가 모우탄과 어울리는 음식을 묻자, B는 호텔의 인기 메뉴인 베이징 오리 구이를 추천한다. A는 베이징 오리 구이를 시도해보기로 한다."
test_125,"A와 B는 다음 주에 있는 A의 친구의 결혼식에 대해 이야기하고 있다. B는 결혼식에 대한 이야기를 듣고 선물을 이미 준비했다고 말한다. A는 B에게 Megan도 초대하고 싶다고 말하며, B는 Megan에게 이야기를 전해줄 것을 약속한다. 마지막으로, A와 B는 결혼식에 함께 차를 타고 가기로 계획하며, A가 먼저 B를 데리러 가고 그 다음에 Megan을 데리러 갈 것을 정한다."
test_126,"A와 B는 디저트를 먹기로 했다. B는 전통 그리스 요거트를, A는 티라미수를 선택했다. B가 먹은 요거트는 밍밍했고, A가 먹은 티라미수는 맛있었다. B는 A의 티라미수를 먹어보고 정말 맛있다고 했다. A는 B에게 튀긴 바나나를 먹어보라고 권유했고, B는 남쪽 지역의 특산물인 튀긴 바나나를 먹기로 했다. A는 튀긴 바나나를 두 개 사오기로 했다."
test_127,"Smith 씨는 예일 대학교 경제학과를 졸업한 27살이며, 지난 5년간 은행에서 일한 경력이 있다. 은행에서는 주급으로 500달러를 받았다."
test_128,"대화 요약: A는 조카에게 줄 선물을 찾고 있었고, B는 바비 인형을 추천했다. A는 디지털 바비 인형을 선택했고, 가격과 구매 방법에 대해 논의했다. 결국 A는 현금으로 인형을 구매했고, B는 A의 구매에 감사를 표했다."
test_129,"구매자는 조던 운동화를 41 사이즈로 구매하고자 하며, 판매자는 해당 사이즈를 제공했으나 구매자는 더 저렴한 가격을 요청했으나 판매자는 이미 세일 중이라 더 싸게는 어렵다고 답변했다."
test_130,"A는 B에게 과학박물관에 가고 싶지만 몇 시간째 길을 잃어버렸다고 도움을 요청했다. B는 A에게 티켓 구매 방법과 4번 플랫폼에서 기차를 타는 방법을 알려주었다. 또한, 기차 운행 빈도와 하차 역에 대한 정보도 제공했다. A는 B의 도움에 감사하며 대화를 마쳤다."
test_131,"사이먼은 '단계적 은퇴' 제도를 통해 완전히 일을 그만두지 않고, 6개월의 휴식 후 이전 회사에서 프로젝트 업무를 선택적으로 수행하며 은퇴 생활을 보내고 있다. 회사 웹사이트를 통해 제공되는 다양한 업무를 자유롭게 선택하여 자신의 시간을 관리할 수 있으며, 회사 역시 예전의 직장 인맥을 활용하고 유연성을 얻을 수 있는 이점이 있다."
test_132,"남성 두 명이 파티에서 여성에 대한 기대와 결혼에 대한 생각을 이야기한다. 한 명은 다정하고 자신의 필요를 충족시켜주는 여성을 원하지만, 집안일을 하지 않는 자신의 모습을 지적받는다. 다른 한 명은 외향적이고 차별하지 않는 여성을 원하며, 첫 번째 사람의 여성관에 대해 비판한다. 결국 서로의 생각을 바꾸지 못하고 각자 집으로 돌아간다."
test_133,"대화자 A와 B는 지난밤의 강한 폭풍에 대해 이야기한다. B는 바람이 너무 심해 창문이 부서졌다고 하며, A는 집 앞 큰 나무의 가지가 부러진 것을 언급한다. 다행히 집에는 피해가 없었다고 A가 전한다. B는 폭풍을 싫어하며 따뜻한 봄날씨를 기대한다고 말하며, A는 이미 4월이고 꽃이 피기 시작했다는 것을 상기시킨다. B는 여전히 날씨가 끔찍하다고 생각하지만, A는 3월에 날씨가 좋았으니 불평할 필요가 없다고 말한다."
test_134,"A와 B는 여가 시간에 대해 대화하고 있다. A는 B와 함께 TV를 보며 시간을 보내고 싶어하지만, B는 TV를 지루해하며 별로 좋아하지 않는다. 대신 B는 외출하여 새로운 것을 배우고 경험하는 것을 선호한다. A는 B의 의견을 이해하고, B는 A에게 함께 음악을 하는 것을 제안한다."
test_135,"Ben은 새 학기 첫 수업에 대해 긴장하고 있고, 친구를 사귈 수 있을지 걱정하고 있다. 친구는 Ben에게 곧 많은 친구를 사귈 것이라고 말하며 안심시킨다. Ben은 첫 수업이 몇 시에 시작하는지, 수업 시간은 얼마나 되는지 묻는다. 친구는 첫 수업이 8시에 시작하고, 수업은 45분 정도 진행된다고 알려준다. Ben은 점심시간에 대해 걱정하지만, 친구는 두 번째 수업 후에 먹을 것을 살 수 있다고 안심시킨다."
test_136,"Adam은 무릎이 나아졌지만, 상대팀인 미시간의 최근 세 경기 영상을 보고 싶어한다. Adam은 오늘 영상을 보고 무릎을 쉬게 하기로 결정한다. 미시간은 강한 팀이기 때문에 힘든 경기가 될 것으로 예상된다. Adam은 내일 다시 와서 전면 연습할 계획이다."
test_137,"A는 프린터가 고장 나서 B에게 프린트를 부탁한다. B는 도와주기로 하고, A는 B에게 감사를 표한다. B는 이런 일은 별거 아니라고 대답한다."
test_138,남편의 요청으로 아내가 커튼 달기를 도와주기로 함. 아내는 사다리를 잡고 남편은 커튼을 올리기로 역할 분담함.
test_139,"Jack은 주말 캠핑 계획을 위해 달력을 확인했고, 다다음 주말이 가장 적합한 날짜로 제안했습니다. 그 외의 주말은 모두 예약이 꽉 찼습니다."
test_140,"여자친구는 남자친구가 자신을 용서해준 것에 감사하며, 남자친구가 산불 진화에 참여하느라 연락이 안 됐던 것을 이해한다. 남자친구는 여자친구에게 임신 소식을 듣고 기뻐하며, 다음 날 병원에 가서 검사를 받는다. 검사 결과 임신이 확실하다는 소식을 듣고 기뻐하지만, 남자친구는 자신이 그 시기에 없었기 때문에 자신의 아이가 아닐 수도 있다고 의심한다."
test_141,"친구 A와 B의 대화에서 B는 딸이 대학 결정을 못 하고 있어서 걱정이라고 말한다. A는 그것이 십대 때 흔히 있는 일이라며 B를 안심시키고, 딸이 스스로 결정할 수 있게 격려해야 한다고 조언한다. B는 딸과 모든 것에서 의견 차이가 난다고 말하지만, A는 딸이 스스로 결정할 수 있도록 조언을 자제해야 한다고 다시 한번 강조한다."
test_142,"대화 당사자 A는 자신의 실수로 인해 직장을 잃을 위기에 처해있다. 투자 상담사로 일하는 A는 자신의 실수가 회사에 수백만 원의 손실을 끼칠 수 있다는 것에 대해 걱정하고 있다. B는 A의 실수가 혼자만의 잘못이 아니며, 상사의 지시를 따랐을 뿐이라는 점을 상기시킨다. A는 자신의 상사가 정직하지 않으며, 자신의 잘못을 인정할 것이기 때문에 진실을 말해도 소용없을 것이라고 말한다. B는 현실적으로 생각해보자고 하며, A의 저축액과 아파트 계약 기간 등을 고려하여 일자리 잃을 경우 함께 살면서 다른 일자리를 찾을 때까지 돈을 아끼자고 제안한다. A는 B의 제안에 감사하며, 일자리 잃는 것이 큰 깨달음이 될 수도 있다고 생각한다."
test_143,"친구인 박사과정 학생이 방문하여 집에 머물며 실험실에서의 강연을 할 예정이며, 강연 주제는 멀티모달 텍스트 생성, 비디오 요약 생성 및 담화 모델링에 관한 것이다."
test_144,"B는 감기에 걸린 것 같아 John네 집에 가지 않고 집에서 쉬고 싶다고 A에게 말했다. A는 B에게 수프를 끓여주겠다고 제안했으나, B는 배가 고프지 않아 거절하고 일찍 자려고 한다고 답했다. B는 감기가 동료로부터 전염된 것 같다고 추측했다."
test_145,"요크 호텔에 전화하여 7월 20일부터 3일간 더블룸 하나를 예약하고 싶다며 문의함. 요금은 조식 포함 하루 130달러이며, 예약자 이름은 Mr. Faber임."
test_146,"대화자 A는 현재 체류 중인 지역 외에 다른 지역을 추천받기를 원했고, B는 웨스트 더비 지역을 추천한다. 하지만 A는 혼자 사는 것이기 때문에 저렴한 원룸을 찾고 있었고, B는 남쪽 더비 지역에 있는 자신의 친구에게 연락해보길 권한다. A는 그 친구와 토요일에 만나기로 한다."
test_147,"A와 B는 사건 발생의 원인을 서로에게 돌리고 있다. A는 B가 경찰관에게 돈을 주려고 했기 때문에 일이 발생했다고 하고, B는 A가 더 빠른 길을 안다고 주장했기 때문에 길을 잃게 되었다고 한다. A는 B가 과속하지 않았다면 정지당하지 않았을 것이라고 하고, B는 A가 기차표를 예약했다면 늦지 않았을 것이라고 주장한다."
test_148,"대화자 A는 Dan에게 9월 10일에 주문한 100대의 컴퓨터 배송이 2일 정도 지연되었다고 알린다. Dan은 공장 인력 부족으로 인해 18일까지는 배송이 가능할 것이라고 설명한다. A는 상대방인 Steve에게 이 상황을 알리겠다고 하고, Dan은 Steve의 전화번호를 알려준다. A는 컴퓨터 가격이 저렴하기 때문에 배송 지연에 대해 크게 불평하지 않을 것이라고 말하며, Dan은 며칠 정도의 지연은 큰 문제가 되지 않을 것이라고 답한다."
test_149,"A와 B는 워싱턴 포스트, 뉴욕 타임스, 로스앤젤레스 타임스의 창간 연도와 창간자에 대해 대화한다. 워싱턴 포스트는 1877년 12월에 Stilson Hutchins가 창간했고, 뉴욕 타임스는 1851년 9월에 Henry Raymond와 George Jones가 창간하여 뉴욕 타임스가 더 오래되었다. 로스앤젤레스 타임스는 1881년 12월에 처음 발행되었고, Nathan Cole Jr.와 Thomas Guardineer가 이끌었다."
test_150,"B의 컴퓨터에 바이러스가 들어온 것으로 의심되었으나, 실제로는 첨부 파일의 크기가 이메일 용량을 초과한 문제였다. 해결책으로 파일을 압축하여 보내는 방법을 제안받았다."
test_151,"A는 B에게 주말을 잘 보냈는지 묻는다. B는 초대해 준 것에 감사하며 정말 멋진 시간이었다고 답한다. B는 큰 부담이 되지 않았는지 묻고, A는 전혀 그렇지 않았다고 말하며 함께해서 좋았다고 표현한다. A는 다음에 창사에 오면 꼭 다시 놀러 오라고 초대한다."
test_152,"A는 먹고 싶은 것이 생각나지 않다가 B의 제안으로 중국 음식을 먹기로 한다. B는 자신이 중국 음식을 먹고 싶을 때 가는 판다 익스프레스를 추천하고, A는 거기서 음식을 사 먹기로 결정한다."
test_153,메리는 톰에게 다른 후보자가 더 많은 경험을 가지고 있어 영업직 자리를 제안하지 않기로 결정했다고 알렸다. 톰은 이해하면서도 자신의 빠른 학습 능력과 일에 대한 열정을 강조하며 다시 고려해 줄 것을 요청했다.
test_154,"전화 받는 사람이 전화를 받자, 상대방은 묵묵부답이다. 전화를 건 사람이 상대방을 재촉하자, 상대방은 전화를 끊는다. 전화를 건 사람은 상대방이 누군지 알고 있으며, 이번을 포함하여 열 번째 전화라고 한다. 다시 이 번호로 전화가 온다면 경찰에 신고할 것이며, 상대방은 체포될 것이며 자신의 번호도 알고 있다고 경고한다."
test_155,"면접관 A는 음악 교사가 되고 싶어하는 면접자 B의 음악에 대한 흥미와 관련 학위, 음악적 선호도, 클래식 음악에 대한 지식 등을 질문한다. B는 어릴 때부터 음악을 좋아했고, 음악과 예술에서 학사와 석사 학위를 가지고 있다고 답한다. 또한 다양한 음악을 좋아하지만, 특히 클래식 음악을 즐겨 듣고, 이는 석사 과정에서 클래식 음악을 전공했기 때문이라고 설명한다. 클래식 음악이 뇌에 좋고 스트레스 해소에 도움이 되기 때문에 학생들에게도 추천한다고 말한다. 마지막으로 A가 클래식 음악 추천을 요청하자, 인터넷에서 다양한 클래식 음악을 검색해서 들어보길 권하며, 좋아하는 음악을 찾으면 온라인으로 구매할 수 있다고 조언한다."
test_156,"남자 주인공은 같은 건물에 사는 미국인 여성에게 호감을 느끼고 있다. 그녀도 솔로라는 것을 알고, 경쟁자가 있을 수 있지만 시작도 하기 전에 그런 생각은 하고 싶지 않다. 그는 그녀를 곧 저녁 식사에 초대할 계획을 가지고 있으며, 주변에 좋은 식당을 알고 있기 때문에 이를 활용할 생각이다. 여자 주인공은 그의 행운을 빈다."
test_157,"A와 B는 Mirella가 Silicon Valley에서 돌아온 이후로 청바지와 스웨트셔츠를 입고 출근하는 것에 대해 이야기하고 있다. B는 그녀가 서부 해안 스타일에 영향을 받은 것 같다고 추측하며, IT 산업에서는 집과 회사 사이의 경계가 크지 않아 더 편한 옷을 입고 일하는 경향이 있다고 설명한다. A는 그들처럼 하얀 셔츠에 짙은 색 양복과 넥타이를 매고 있는 사람들 옆에 있으니까 이상하다고 생각한다. 그러나 B는 그들이 더 캐주얼한 재킷과 바지도 허락한다고 상기시킨다. 마지막으로, B는 관리팀이 Mirella에게 새 하얀 드레스 네 벌을 줘서 그녀의 새로운 스타일이 수용 가능하지 않다는 것을 알렸다고 말한다."
test_158,"A와 B의 대화에서 B는 여러 해 동안의 노력 끝에 자신의 법률 사무소를 차리려고 한다고 A에게 말한다. A는 B가 도움이 필요하면 언제든지 도와줄 것을 제안하고, B는 이에 감사하며 성공을 기원받는다. 두 사람은 B의 새로운 사업에 대한 기대와 성공을 기원하며 대화를 마무리한다."
test_159,"Peter는 밤새 온라인에 있었다고 Kate에게 말한다. Kate는 그가 밤새 네트워크 게임을 했는지 묻지만, Peter는 음악을 들었다고 대답한다. Peter는 지금 피곤해서 좀 쉬어야 한다고 말한다."
test_160,"요약: 철도와 고속도로의 확장, 비행기의 안전성과 수용량 향상으로 인해 배와 보트의 교통수단으로서의 중요성이 감소하고 있다. 상하이, 닝보, 다롄으로 가는 여객선 운행 중지 및 양쯔강 여객선 70% 감소 등 여객 운송에서 배의 역할이 줄어들고 있다. 그러나 대양을 건너는 대부분의 화물 운송은 여전히 배로 이루어지고 있다. 사람들의 생활 속도가 빨라지면서 배의 속도가 느리게 느껴져 배 여행을 꺼리는 경향이 있다."
test_161,"대화자 B는 악몽을 꿔서 어젯밤에 잠을 잘 자지 못했다. 혼자서 묘지에서 걷다가 유령들에게 쫓기는 꿈이었다. 엄마의 도움으로 안정을 찾았지만, 미시간 대학교 입학을 앞두고 불안감을 느낀다. 대화자 A는 같은 걱정을 하면서도 다른 학교를 고려하자는 긍정적인 태도를 보인다."
test_162,A와 B는 함께 밴드를 시작하는 것에 대해 이야기하고 있다. A는 힙합을 좋아해서 Vanilla Ice의 노래를 밴드의 레퍼토리에 포함시키고자 한다. B는 'Ice Ice Baby'는 알지만 다른 노래들은 잘 모른다고 한다. A는 iTunes에서 그의 노래를 구매해 들으면 된다고 제안한다.
test_163,"A씨와 B씨는 뉴올리언스 여행 중 강변 저녁 유람선 투어와 재즈 클럽을 이미 경험한 후, 오랜만에 극장에 가기로 결정했습니다. A씨가 Sanger Theater에서 멋진 쇼가 있다고 언급하자, B씨는 이를 좋아하며 예약을 제안합니다. 따라서, 그들은 Sanger Theater에서 쇼를 예약하기로 결정했습니다."
test_164,"대화 요약:

A는 B에게 물건이 자신에게 잘 맞는지 물어보고, B는 사이즈가 맞다고 확인합니다. A는 물건을 구매하기로 결정하고 신용카드로 결제하며 서명을 합니다. B는 A에게 좋은 구매가 되길 바라며 작별 인사를 합니다."
test_165,"Foster씨가 Blake씨에게 교육 매뉴얼을 보내줄 수 있는지 문의했고, Blake씨는 현재 인쇄 중이라 오늘 가져다주기는 어렵고 내일 오후에 가져다주겠다고 답했다."
test_166,"친구가 이번 휴가에 롱아일랜드에서 출발해 솔트레이크시티로 가서 형의 마흔 번째 생일을 축하할 예정이라고 한다. 여행 중 호텔에서 묵으며 현지 음식도 즐기고, 파이브 레이크 스트릿과 월 스트릿도 방문할 계획이다. 친구는 이 휴가가 정말 좋을 것 같다고 기대한다."
test_167,A는 B에게 파멜라를 잘 돌봐달라고 부탁한다. A는 B에게 자신의 진정한 친구라고 말하며 고마움을 표현한다. B는 A의 사업이 잘되길 바란다고 말한다. A는 B에게 고맙다고 말하고 이제 가야겠다고 한다. A는 파멜라에게 편지를 쓰겠다고 전해주길 부탁한다.
test_168,"A는 B에게 이 도시의 가장 번화한 거리를 물어보았다. B는 77번 도로를 추천했지만, A는 피곤하다며 버스로 가는 방법을 물었다. B는 12번 버스를 타라고 알려주었다. A는 감사 인사를 전했다."
test_169,"메카로 성지순례 가는 무슬림들에 대해 이야기하고 있다. 무슬림들은 능력 있는 신자는 평생 최소한 한 번은 하즈를 가야 한다고 믿는다. 메카는 무슬림 신앙의 영적 중심지이며, 순례자들은 커다란 신성한 검은 돌 주위를 돈다. 하지만 매년 너무 많은 사람이 하즈를 가서 종종 사고가 나고 사람이 다치거나 죽는다. 사우디 정부는 사고를 줄이기 위해 순례자 수를 제한하려고 한다. 또한, 다른 종교에서도 순례는 흔하며, 프랑스 루르드에서는 사람들이 치유받으러 간다. 하지만 이는 사람들의 믿음이 그들을 치유하는 방향으로 마음을 변화시키기 때문이라고 생각한다."
test_170,"A는 B에게 이곳이 처음이라 길을 잃었다고 도움을 요청했다. A는 중앙 백화점 가는 길을 물었고, B는 15분 정도 걸어가면 도착한다고 설명했다. 또한 A가 국가 은행의 위치를 묻자, B는 두 블록 정도 가면 오른쪽 모퉁이에 있다고 알려주었다. A는 B의 도움에 감사하며 이제 길을 잃지 않을 것이라고 답했다."
test_171,"A와 B는 다음 주 런던에 가는 여행 방법에 대해 이야기한다. A는 기차를 타고 싶어하고, B는 자동차를 타고 싶어한다. A는 기차가 더 빠르지만 비싸다고 하지만, B는 자동차로 가면 역에 갈 필요 없이 짐을 싣고 편하게 갈 수 있다고 한다. 결국 A는 운전하는 것을 싫어해서 기차를 타고 가기로 결정한다. B는 고속버스를 타는 것도 제안한다."
test_172,"톰은 점심시간에 패스트푸드점에서 샌드위치를 시켰지만 치킨이 덜 익어 실망했다. 그는 음식 코너가 너무 붐벼서 기다려야 했고, 이런 상황은 미국에서 패스트푸드가 인기가 많기 때문이라고 생각했다. 케서린은 집에서 점심을 싸와서 먹었고, 패스트푸드가 건강에 좋지 않다고 생각하여 자주 먹지 않는다고 말했다. 그들은 패스트푸드가 편리하고 맛있지만 칼로리, 소금, 지방이 많다는 점에 동의했다. 케서린은 미국인의 3분의 2가 패스트푸드점을 피할 수도 있다고 언급했고, 톰은 이를 믿기 어려워했지만 케서린은 그것이 사실이라고 주장했다."
test_173,"손님이 음료로 레모네이드 한 잔과 에피타이저로 바비큐 윙을 주문하고, 나중에 베이비 백 립을 추가로 주문했다."
test_174,"손님이 패스트푸드점에 들어와 직원의 안내를 받는다. 손님은 더블 치즈버거에 모든 재료를 넣고, 큰 사이즈의 컬리프라이와 중간 사이즈의 펩시를 주문한다. 직원은 주문 내역을 확인하고 총 금액 $5.48을 알려준다. 손님은 결제를 마치고 나간다."
test_175,"대화 요약: A는 일찍 일어나서 B에게 아침을 함께 먹자고 한다. B는 머핀을 구웠고, A는 커피를 끓이고 계란도 준비하겠다고 한다. 하지만 A는 어릴 적부터 반숙 계란을 좋아하지 않았다. B는 자신의 아버지가 20년 동안 매일 스크램블드 에그를 먹었다고 하며, A는 부드럽게 끓인 계란을 요청했을 때 완숙으로 나오는 것을 싫어한다고 한다. 결국 A는 B에게 반숙 계란을 만들어 주지만, B는 자신이 요청한 대로 반숙으로 해달라고 다시 한 번 강조한다."
test_176,"손님이 그랜드 호텔로 가달라고 요청하자, 운전사가 그랜드 호텔의 위치를 잘 모르겠다고 답했다. 손님은 그랜드 호텔이 11번가, 파크 스트리트에 있다고 알려주었고, 운전사는 이제 위치를 알겠다고 답했다."
test_177,A는 B에게 사진을 찍어도 되는지 물었다. A는 자신의 아이들에게 미국 경찰이 어떻게 생겼는지 보여주고 싶어서 사진을 찍고 싶다고 설명했다. B는 사진을 찍는 데 오래 걸리지 않는다면 허락했다. A는 금방 끝날 것이라고 말하며 B에게 그 자리에 서 있어 달라고 요청했다.
test_178,"손님이 호텔 방의 가용 여부를 묻고, 직원은 만실임을 알리고 근처의 다른 호텔을 추천하는 대화입니다."
test_179,"대화자 A는 대화자 B에게 미국에 공부하러 가려고 비자 신청했냐고 묻는다. B는 2주 전에 신청서를 제출했고 다음 주에 인터뷰가 있다고 답한다. A는 미국 비자 받기가 어렵다고 들었다며 B의 상황을 응원한다. B는 신청서가 복잡하고 필요한 서류를 준비하는 데 거의 2주가 걸렸다고 말한다. A는 어떤 서류를 제출했는지 묻고, B는 재정 상태와 학업 관련 서류를 제출했다고 답한다. A는 많은 사람들이 신청이 거절되는 이유를 묻고, B는 서류를 올바르게 작성하지 않거나 필수 서류를 빠뜨려서 그렇다고 답한다. 또한 대사관이 그런 부분에 엄격하기 때문에 조심해야 한다고 조언한다. 마지막으로 A는 왜 중국인에게는 더 엄격하냐고 묻고, B는 많은 사람들이 비자 조건을 어기는 경우가 많아서 그렇다고 답한다."
test_180,"A는 B와의 지난 시간을 좋지 않게 기억하며 피곤함을 이유로 더 이상의 관계를 원하지 않는다고 분명히 표현했다. B는 지난 시간을 즐겁게 기억하며 다시 만나기를 원하지만, A는 이미 다른 약속이 있고 피곤함을 이유로 거절하며 대화를 마무리한다."
test_181,"대화자 A는 인터넷 쇼핑을 해보려 했지만 결제 방법을 몰라서 하지 못했다고 말한다. 대화자 B는 인터넷 쇼핑이 익숙하며 편리하고 시간을 절약할 수 있다고 말한다. 또한 같은 제품을 오프라인보다 저렴하게 구매할 수 있다고 설명한다. 온라인 쇼핑을 위해서는 온라인 은행 계좌가 필요하다고 알려주며, 인터넷에는 전 세계의 다양한 물건들이 있다고 초대한다."
test_182,"대화 요약:

A와 B는 미국식 회계에 대해 이야기합니다. B는 미국 회사에서 일한 경험이 없어 미국식 회계에 익숙하지 않다고 말합니다. A는 회계 프로세스에서 가장 기본적인 개념들이 무엇인지 묻고, B는 회계 단위, 계속기업 원칙, 측정 단위, 회계 기간, 그리고 객관성이라는 다섯 가지 기본 개념을 설명합니다."
test_183,"제인과 피터는 여름에 시안에 가는 계획에 대해 이야기하고 있다. 제인은 7월 16일쯤 1주일 동안 시안에 가려고 하며, 비용은 2,000위안 정도라고 말했다. 피터는 비용에 동의하고, 휴가 때 멀리 가고 싶다고 표현하며 신장이나 티베트로 가고 싶다고 말했다. 제인도 멀리 가고 싶다고 말하며 남서쪽을 고려하고 있다고 했다."
test_184,"손님 B는 딸을 위해 로맨스 영화들을 빌리러 왔다. 직원 A는 비디오 대여를 위해 회원 카드가 필요하지만 무료라고 설명했고, 회원 양식을 작성해달라고 요청했다. 손님 B는 신작 영화 3편을 빌리기로 결정했고, 대여 비용은 총 7달러 50센트였다. 영화는 목요일 밤 10시까지 반납해야 하며, 연체료는 대여비와 동일하다고 안내받았다."
test_185,"대화 요약:
A는 Mr. Lee를 찾아 그의 소포를 전달하려 하고, B는 소포를 자신의 책상 위에 두고 서명을 요청한 뒤, 소포를 전달하기 전에 전할 말이 있다고 언급합니다."
test_186,"오늘 밤 출발하는 비행기가 있는지 묻는 A에게, B는 공항이 닫혀서 내일 아침까지 비행기가 출발하지 않는다고 답한다. 이에 A는 오늘 밤 숙박할 곳을 문의하고, B는 공항 호텔의 객실을 준비했으나 두 명이 한 방을 함께 사용해야 한다고 말한다. A는 불을 켜 놓아야 자는 습관 때문에 아쉽다고 표현하고, B는 같은 습관을 가진 손님이 또 있다고 답한다."
test_187,"A는 지난주에 B에게 컴퓨터 도움을 받았기 때문에 이번 식사 비용을 자신이 내겠다고 한다. 하지만 B는 저번에도 A가 계산했다며 이번엔 자신이 내야 한다고 주장한다. 결국 각자 계산하기로 합의하고, B가 아직 그 지역에 익숙하지 않아 A가 식당을 찾기로 한다."
test_188,"대화자 A와 B는 불면증에 대해 이야기한다. B는 성적에 대한 스트레스로 불면증을 겪고 있다. A는 요가, 이완 테크닉, 음악 감상을 통해 스트레스를 해소할 것을 제안한다. B는 음악을 들어보기로 하고 방으로 간다."
test_189,"A는 주방을 현대식으로 바꾸고 싶어하지만, B는 현재의 주방이 편하고 좋다고 생각한다. A는 유행을 따르려는 것이 아니라 예쁘고 깔끔한 주방을 원한다고 설명한다."
test_190,"새 선생님에 대한 대화를 나누는 두 사람. B는 새 선생님인 Professor Wood에 대해 뛰어난 과학자라고 생각하지만, 조금 덤벙거리는 면이 있는 것 같다고 말한다."
test_191,"대화 상대 A는 며칠 전 받은 검사 결과에 대해 궁금해하고, 상대 B는 결과가 명확하지 않아 더 정확한 상담을 위해 시간을 예약하고자 한다. A는 문제가 있는 것은 아닌지 걱정하며 지금 이야기할 수 있는지 묻지만, B는 확실히 아는 것이 있으면 말씀드리겠다고 하며 오늘 오후에 다시 확인하고자 한다. A는 이제 뭔가 안 좋은 일이 있는 것 같다고 불안해하지만, B는 긴장하지 말라고 안심시키며 오늘 오후에 이야기를 나누기로 한다."
test_192,"A와 Martin은 시험 준비 상황에 대해 이야기한다. Martin은 최근 열심히 공부했고 시험 준비가 잘 된 것 같다고 말한다. 이어서 A는 Martin이 요즘 주말에 아르바이트를 하고 있는지 묻고, Martin은 Lamb 선생님의 도움으로 아르바이트를 구해 용돈 문제를 해결했다고 답한다. A는 학생 복지회가 Martin에게 도움이 되었는지 묻고, Martin은 학생 복지회에 대해 만족한다고 답한다. 마지막으로 A는 Martin에게 시간 내줘서 고맙다고 인사한다."
test_193,"대화 요약: A는 한국으로 소포를 보내려 하며, B는 1등급과 소포 우편 두 가지 방법을 제시한다. 1등급은 2일 소요되지만 20파운드의 비용이 들고, 소포 우편은 10일 더 걸리지만 더 저렴하다. A는 비용을 절감하기 위해 소포 우편 방법을 선택한다."
test_194,"남자는 자신의 휴대폰을 호텔 방 어디에도 찾을 수 없어 여자에게 전화로 확인을 부탁했다. 그러나 휴대폰은 전원이 꺼져 있었고, 여자는 결혼식에 늦지 않기 위해 휴대폰을 찾지 말고 그냥 가자고 했다. 하지만 남자는 자신의 여동생이 자녀들의 안부를 전화로 물을 수도 있으니 필요하다고 했다. 결국 남자는 아침을 먹었던 빵집에 휴대폰을 두고 온 것을 기억해냈다. 여자는 남자의 여동생에게 전화로 상황을 전하고, 빵집에 전화해보고 결혼식 전에 찾으러 가자고 했다."
test_195,"미국에서 온 A는 B에게 자리에 앉아도 되는지 묻는다. B는 앉으라고 하며 영국인이 아닌 것 같다고 말한다. A는 미국에서 왔으며 로스앤젤레스 출신이라고 소개한다. B는 관광을 왔는지 묻고, A는 그렇다고 대답하며 이 도시가 아름답다고 말한다. B는 얼마나 머무를 계획인지 묻고, A는 이틀 더 머무를 계획이며 지난 금요일에 도착했다고 말한다. 마지막으로 B는 음료 하나를 더 드릴지 묻고, A는 친절함에 감사하며 수락한다."
test_196,"A와 B는 여름 방학 계획에 대해 이야기한다. A는 방학 동안 공부에서 벗어나 쉴 생각에 신나하지만, B는 사업 수업을 듣고 삼촌 회사에서 아르바이트를 하며 경험을 쌓을 계획이다. B는 미래에 성공하고 싶다는 열망을 표현하며 A에게도 미래에 대해 생각해보라고 권유한다. A는 졸업 후 여행 계획을 생각 중이며, 모험이 끝나면 일자리를 찾을 생각이라고 답한다."
test_197,"오늘 아침 Mary는 우유 배달을 하러 12번 집에 갔는데, 정원 문이 잠겨 있었다. 쪽지를 읽기 위해 울타리를 넘어가려던 순간 커다란 개가 달려들어서 Mary는 최대한 빨리 달렸다. 하지만 정원 근처 나무의 큰 가지를 보지 못하고 부딪혔다. 다행히 개는 울타리를 넘지 않고 정원 안에서 크게 짖었다. Mary는 영화 같은 장면이었다고 웃으며 말했지만, 그렇게 웃기진 않다고 했다."
test_198,"대화 요약: A와 B는 B가 회사에 6년간 근무한 경험에 대해 이야기한다. B는 과거에 비해 덜 열정적이라고 느끼지만, 더 많은 시간을 일하고 더 많은 돈을 벌고 있다고 말한다. B는 새로운 기술 개발에 어느 정도 기여하고 있으며, 관리 훈련 과정을 통해 승진할 준비가 되었다고 느낀다. 여행 기회는 많지 않지만, 어머니를 돌봐야 하기 때문에 크게 신경 쓰지 않는다고 한다."
test_199,"고객은 통장 개설을 요청하고, 직원은 사회보장번호와 신분증을 확인한 후 계좌 개설을 완료했다. 고객은 보통 예금 통장에 이자가 붙는지 물었고, 직원은 이 계좌는 주로 사업 거래에 사용되기 때문에 이자가 없다고 설명했다. 고객은 출금 방법에 대해 물었고, 직원은 은행이나 ATM에서 출금할 수 있다고 안내했다. 고객은 감사의 말을 전하고, 직원은 좋은 하루 되라고 답했다."
test_200,"A는 중국에 처음 와서 진짜 중국 음식을 먹어보고 싶다고 말하며 B에게 추천을 부탁한다. B는 중국의 여덟 개 요리 스타일에 대해 설명하지만 A는 매운 음식을 못 먹기 때문에 광동 요리를 추천한다. 하지만 광동 요리집은 멀어서 A는 베이징 요리를 먹기로 한다. 베이징 요리 중 유명한 베이징 오리구이를 먹을 수 있는 전취덕 식당을 B가 추천하고, A는 그 식당으로 가기로 한다."
test_201,"A와 B는 상사로부터 받은 답변에 대해 이야기 나누고 있다. 가격은 동의했으나 배송이 늦어질까 봐 걱정이 된다. A는 3개월 내로 배송할 수 있다고 했으나, B는 최대한 빠른 배송을 원한다. 이에 A는 오클랜드에 연락하여 다음 달에 출발하는 첫 배에 주문을 실을 수 있도록 조치했다. B는 이에 동의하고 계약서를 작성하여 서명하기로 한다."
test_202,"손님이 503호에서 독서등을 깨뜨렸고, 이를 변상하고자 한다. 직원은 손님께 해당 방에서 독서등을 파손했음을 확인하는 양식을 작성하도록 요청했으며, 파손된 독서등을 수거하고 새 제품으로 교체해 줄 것을 약속했다."
test_203,"대화 요약:

A는 소개를 마치고 첫 번째 강연 주제로 넘어가며, 2006 회계연도의 마케팅 계획에 대해 이야기하고자 한다. 올해의 목표는 젊은 소비자들을 끌어들이고, 그에 맞춰 이미지를 새롭게 바꾸는 것이었으며, 해외 시장에서의 유통을 두 배로 늘리는 것도 목표였다. 목표 달성 여부를 평가하기 위해 고려해야 할 세 가지 데이터는 시장의 원래 상태, 전년도 마케팅 수치, 그리고 올해의 최종 판매 수치이다. A는 그래프를 통해 2005년과 2006년의 매출을 비교하며 설명한다. 2005년 매출은 초반에 느렸지만 연말에 좋은 성과를 냈고, 2006년 매출은 급격히 상승했다고 설명한다."
test_204,그 사람은 휴가 동안 유럽 여행을 계획하고 있다. 파리에서 시작하여 기차를 타고 니스와 밀라노를 방문할 예정이다. 밀라노에서는 박물관도 구경할 생각이다. 그 후 영국으로 이동하여 에든버러에서 페스티벌에 참석할 계획이다. 여행 기념품은 친구에게 사다 줄 것이라고 한다.
test_205,"고객은 중형차 예약을 했으나, 해당 차량이 모두 나갔다는 사실을 알게 되었다. 고객은 예약한 차량이 준비되어 있지 않은 것에 대해 불만을 표시했고, 예약 관리의 중요성을 지적했다. 업체는 고객에게 작은 차를 대안으로 제시했고, 고객은 이를 수락했다. 업체는 할인 혜택을 제공하며 사과했고, 고객은 보험을 추가하여 차량을 대여하기로 결정했다."
test_206,"엄마에게 카드게임을 해도 되는지 물어보는 대화. 조건으로 소리를 내지 않겠다고 약속하고, 5분 동안 게임을 할 수 있는 허락을 받는다."
test_207,"요약: Ann은 Jones씨에게 커피를 마시겠냐고 묻고 이번 주 일정을 알려준다. 오늘 오후 5시에 회계사와의 회의가 있고, 수요일에는 런던에 가야 하며 기차 시간은 오전 9시 30분임을 알려준다. 런던에서의 회의는 11시 30분이고, 목요일에는 새로운 프로젝트 매니저인 Ms. Von이 Jones씨와 대화를 원한다고 전한다."
test_208,"친구들은 지형과 물이 전 세계의 기후와 국가 크기에 미치는 영향에 대해 이야기하고 있다. 한 친구는 지리 수업 준비를 위해 지형을 표시한 세계 지도를 보고 있고, 다른 친구는 대부분의 세계가 물로 덮여 있고, 지형이 기후에 영향을 미친다는 것에 대해 흥미를 느낀다. 그들은 더 많은 정보를 얻기 위해 인터넷에서 찾아보거나, 지리 수업에 참석하기로 한다."
test_209,"손님 B는 접수 데스크에 방을 바꿔달라고 요청한다. 이유는 금연 방을 예약했지만 방에 담배 냄새가 심하게 나서 참을 수 없기 때문이다. 접수원 A는 바로 금연 방을 마련해드리겠다고 하며, 도어맨이 짐 옮기는 것을 도와줄 것이라고 전한다. 불편을 끼쳐드려 죄송하다고 사과하고, 손님 B는 괜찮다고 하며 고맙다고 대답한다."
test_210,"작업자들이 젖어 있는 페인트와 시멘트 주변에 주의를 주는 표지판을 설치하지 않아 사고가 발생하고 있다. Bill은 젖어 있는 페인트에 손을 대었고, John Sampson은 젖어 있는 시멘트를 걸어갔다. 작업자들이 표지판을 설치하지 않은 이유는 표지판을 가지러 창고에 갔기 때문이지만, 심지어 표지판을 들고 오면서도 젖어 있는 시멘트를 잊고 그 위를 걸어가는 실수를 저질렀다. 작업자들이 주의를 주는 표지판을 제대로 설치하지 않아서 이러한 사고가 반복되고 있다."
test_211,"대화 당사자들은 모임을 마무리하며 작별 인사를 나누고 있다. 한 명은 일찍 떠나야 하는 아쉬움을 표현하며, 다른 한 명은 즐거운 시간에 감사를 표한다. 연락처를 교환하고, 가까운 미래에 다시 만나기로 약속한다. 떠나는 사람은 다음 주에 전화할 것을 약속하며, 남은 사람은 잘 가라는 인사를 전한다."
test_212,"대화 요약:

Jim이 Bill에게 Dick의 안부를 묻습니다. Dick은 이탈리아 여행 후 아프다가 William 박사의 진단으로 이제 다시 일할 수 있게 되었습니다. Jim은 2주 동안 Dick을 보지 못해 궁금해했고, Bill은 그의 건강 상태와 복귀 가능성에 대해 알려줍니다."
test_213,"대화 상대 B는 현재 직장에서 지속적인 야근과 낮은 임금에 대한 불만을 토로한다. 상사의 엄격한 근무 시간 통제와 야근에 대한 추가 수당 부재로 인해 B는 자신의 시간을 회사에 바치고 있는 것 같다고 느낀다. 법적으로 보장된 공정한 임금과 보상에 대해 인식하고 있지만, 다른 직장을 찾기 어려운 상황과 시장성 있는 기술이 부족하여 현재 직장을 그만두기 어렵다고 말한다. 대화 상대 A는 B에게 자신의 권리를 알고, 더 나은 기회를 찾아보라고 권유한다."
test_214,"대화 내용 요약: 
A와 B의 대화에서 B는 남편 Mark가 두 달 전부터 다른 여자와 바람을 피우고 있다는 사실을 알게 되었다고 A에게 털어놓습니다. B는 휴가 중 집에 있을 때 Mark의 휴대전화로 걸려온 여자의 전화를 받았고, 그 여자가 Mark를 바꿔달라고 하자 자신이 그의 아내라고 밝히면서 사실을 알게 되었습니다. B는 Mark에게 이 사실을 추궁했고, 처음에는 변명을 했지만 결국 Mark는 잘못을 자백했습니다. B는 Mark에게 진실을 말하거나 그 여자와 관계를 끝내라고 요구하며, 그렇지 않으면 이혼할 것이라고 말했습니다. A는 B의 결정을 지지하며 대화를 마칩니다."
test_215,의사가 B에게 너무 많이 먹고 있으니 빨간 고기를 줄이고 식단을 정리하라고 조언했다. A는 B가 다이어트를 시작해야 한다고 생각한다.
test_216,"A는 B에게 가야한다고 말하며 이미 마음이 떠났다고 전한다. 반면 B는 A에게 남아달라고 간청하며 자신의 곁에 있어주길 바란다. 그러나 A는 다시는 돌아갈 수 없다고 단호하게 선을 긋는다. B는 A를 자신의 최고의 동반자로 여기며 머물러주길 바라지만, A의 결심은 확고하다."
test_217,"대화 참여자 A는 B에게 도서관 이용 방법을 묻는다. B는 교내 학생증이나 입학증명서로 책 대출과 저널·잡지 열람이 가능하다고 설명한다. 책은 한 번에 두 권까지 한 달간 대출할 수 있으며, 기한 내 반납하지 않을 시 벌금이 부과된다. A는 회화 영어 관련 책 두 권을 찾고자 하고, B는 바로 오른쪽에 있다고 알려준다."
test_218,"오늘 날씨가 좋아서 A와 B는 밖에서 점심을 먹기로 했다. 봄날씨가 너무 좋아서 콜로라도에서의 계절이 바뀌던 때가 그리워졌지만, 지금의 날씨도 멋지다고 인정했다. 그늘진 곳에서 편안하게 시간을 보내고 싶다고 하며, 구름 때문에 비가 올까 걱정했지만 일기예보에 따르면 하루 종일 괜찮을 것이라고 한다. 날씨가 계속 좋다면 이번 주말에 해변에 가는 것도 좋을 것 같다고 이야기했다."
test_219,"박물관 방문객이 사진 촬영 금지 규칙을 모르고 있어 박물관 직원이 카메라 보관을 요청하고, 방문객은 카메라를 맡기고 사진 구매 가능한 곳을 문의하여 출구 근처 기념품 가게를 안내받았습니다."
test_220,"고객은 대출 신청에 대한 정보를 요청하였고, 직원은 회사의 대출 정책과 일반적인 조건을 설명하였다. 고객은 만 달러를 빌릴 경우 매달 얼마를 갚아야 하는지 물었고, 직원은 연 이자율 10%로 48개월 동안 대출 받을 경우 매달 원금과 이자를 함께 갚아야 한다고 답했다. 그러나 고객은 자신의 신용 점수가 너무 낮다는 문제를 제기하였고, 직원은 신용 점수가 대출 승인에 중요한 요소라고 설명했다. 결국 고객은 돈이 그리 필요하지 않다고 판단하여 대출을 신청하지 않기로 결정하였다."
test_221,"모니카는 회의에서 성공적인 발표를 했고, 모두가 그녀의 연설에 감명을 받았다. 그녀는 발표를 위해 오랜 준비를 했고, 몇몇 통계는 찾기 쉽지 않았지만, 여러 부서의 동료들과 경제학 전문가의 도움을 받아 완성했다. 모니카는 도전을 좋아하고, 팀원들의 지원 덕분에 성공적으로 발표를 마칠 수 있었다."
test_222,"A와 B는 내일 아침 같이 뛰기로 계획했다. B는 A를 6시쯤 전화로 깨우고 6시 반에 A의 집에 들러 함께 뛰러 가기로 했다. A는 아침에 뛰는 게 어렵지만, 같이 갈 사람이 있으면 시간에 맞춰 일어날 수 있을 것 같다고 말했다."
test_223,"일본 레스토랑에 대한 문의와 응답. 레스토랑은 인기 있는 일본 요리를 세트 코스로 제공하고 고기 요리도 다양하게 준비되어 있다. 영업 시간은 10시까지이며, 마지막 주문은 9시 30분까지 가능하다. 손님은 그 시간 전에 방문할 것을 알린다."
test_224,"Simpson 씨에게 목요일에 시간이 되면 같이 점심을 먹자고 제안했다. Simpson 씨는 목요일에 시간이 되며, 제안한 사람이 아는 장소로 12시 30분에 만나기로 했다."
test_225,"A는 B에게 데이트 상대를 위해 레스토랑 예약을 도와달라고 부탁한다. B는 A의 예산에 맞춰 호텔 레스토랑을 추천하지만, A는 다른 곳을 원한다. B는 그레이머시 타번을 추천하고, A는 그곳으로 예약해달라고 부탁한다. B는 예약을 진행한다고 답한다."
test_226,"손님이 오리구이와 돼지고기, 소고기, 맥주 두 병을 주문했다. 종업원은 오리구이 25달러, 돼지고기 한 접시 6.50달러, 소고기 한 그릇 7달러, 맥주 두 병 4달러로 총 42.50달러라고 말했다. 손님이 50달러를 내자 종업원은 거스름돈을 주려 했으나 손님은 거스름돈을 거절하며 팁을 주려 했으나 종업원은 팁을 받지 않는다고 정중히 거절했다."
test_227,"한국과 상대국의 스포츠 인기 비교에 대한 대화. 한국에서는 골프가 인기가 있지만 비용이 비싸서 못하는 사람도 있고, 익스트림 스포츠도 소수 즐기지만 대부분은 무서워한다고 한다. 상대국에서는 축구가 가장 인기 있으며, 남자아이들은 특히 좋아하고 여자아이들도 잘하는 경우가 있다고 한다. 또한, 테니스와 수영이 점점 인기를 얻고 있으며, 농구와 탁구도 즐기는 사람들이 있다고 한다. 상대국에서는 골프를 즐기는 사람이 거의 없고, 최근에는 럭비도 많이 본다고 한다."
test_228,"고객은 프리덤 여행사를 통해 23일에 출발하여 29일에 돌아오는 핀란드 헬싱키행 비행기 예약을 요청하였다. 여행사 직원은 가장 저렴한 항공편으로 하루 전 자정에 출발하는 것을 제안하였고, 고객은 이를 수락하였다. 최종적으로 솔트레이크시티에서 뉴욕 케네디 공항까지 1070편, 케네디에서 헬싱키로 가는 90편으로 갈아타는 일정으로 예약이 확정되었다. 각 편의 출발 및 도착 시간은 솔트레이크시티에서 오전 10시에 출발하고, 뉴욕에 오후 4시 35분에 도착하며, 오후 5시 55분에 90편으로 갈아타서 다음 날 오전 8시 30분에 헬싱키에 도착하는 일정이다. 또한, 고객은 채식 기내식을 요청하였고, 예약이 완료되었다."
test_229,"화자는 내일 플로리다에 있는 할머니 집을 방문할 예정이며, 할머니가 디즈니 월드에 데려가 주기로 했다. 화자는 디즈니 월드가 처음이지만, 할머니는 방문하는 친척들을 매번 디즈니 월드에 데려갈 정도로 그곳에 대해 잘 알고 있다."
test_230,"대화 상대 A는 B에게 호주에 가본 적이 있는지 묻고, B는 없다고 대답한다. A는 호주를 가보고 싶은지 묻고, B는 그레이트 배리어 리프를 보고 싶어하며 정말 가보고 싶다고 표현한다. B는 친구들이 그곳의 물고기들이 대단하다고 말했다고 덧붙인다."
test_231,"A는 B에게 헬스장에 가는 이유를 묻고, B는 건강과 외모 관리 때문이라고 답한다. A는 걷기를 주로 하며 가끔 자전거를 탄다고 하고, B는 테니스를 친구들과 자주 치고 수영과 자전거도 즐긴다고 말한다. B가 A에게 헬스장을 같이 가자고 제안하지만, A는 귀찮아하는 성격이라고 거절한다."
test_232,"대화 요약: A가 B에게 로스앤젤레스에서 태어났냐고 묻자, B는 사실 시카고에서 태어났다고 대답한다. B는 윌메트 교외에서 자랐고, 14살 때 로스앤젤레스로 이사했다고 한다. 로스앤젤레스에서 링컨 고등학교를 졸업한 후, B는 대학에 가지 않고 유럽으로 갔다고 한다. 특히 뮌헨에서 약 2년간 생활했다고 하며, 이는 1995년쯤이었다고 회상한다."
test_233,A씨는 새로 산 정장에 대해 B씨에게 자랑을 한다. B씨는 그 정장이 지난주 새로 생긴 백화점에서 본 것 같다고 말한다. A씨는 그 백화점이 아닌 다른 큰 쇼핑센터에서 150달러에 구매했다고 말한다. 하지만 B씨는 그 가격에 대해 좋은 거래라고 생각하지 않는다고 말한다.
test_234,"대화 요약: 

대학 라디오 방송의 Ann은 Martha Bicycle Club 회장 Robin을 인터뷰하며 mountain lake cycle tour에 대해 이야기합니다. 이 투어는 경주가 아닌 체력 증진과 재미를 위한 행사로 매년 참가자 수가 증가하고 있습니다. 자전거 타는 사람들은 평균 7~9시간 소요되며, 잘 타는 사람들은 4시간이면 완주할 수 있습니다. 올해는 1200명이 참가할 예정이며, 참가자들이 동시에 출발하지 않도록 단계적 출발 방식을 도입했습니다. 첫 그룹은 오전 7시에 Ottawa에서 출발할 예정입니다."
test_235,"손님은 술을 많이 마시지 않지만, 컴파리를 주문하고 젓는 방식으로 요청한다. 직원은 싱어라는 무알콜 칵테일을 추천하고, 손님은 그것을 시도해보고 맛있다고 평가한다. 직원은 손님이 즐기길 바란다. 손님은 동의한다."
test_236,"에릭이 그레고리에게 점심 먹으러 가자고 제안했고, 그레고리는 돈이 부족하다며 망설였지만 에릭이 사주겠다고 하여 같이 가기로 했다. 그레고리는 에릭이 지난 주말에 번지점프를 한 것에 대해 비웃었고, 에릭은 그레고리에게도 도전해보라고 권유했다. 그레고리는 번지점프를 무서워하며 거절했고, 에릭은 그레고리에게 새로운 경험을 해보라고 권유했다. 대화 말미에 에릭은 자신의 지갑을 잃어버렸다고 언급했다."
test_237,"A는 B에게 2차 세계대전에 대한 정보, 특히 노르망디 상륙작전에 대해 인터넷 검색을 도와달라고 요청한다. B는 구글에서 해당 키워드로 검색해보라고 제안하고, 검색 결과 중 유용한 사이트를 추천한다. A는 B에게 감사하며, 더 자세한 정보는 역사책을 통해 찾아보겠다고 말한다."
test_238,"A는 B가 헬스장에서 처음 온 것을 알아채고, 처음 온 사람들을 쉽게 알아볼 수 있다고 말한다. B는 오늘 처음 훈련을 시작했고 어디서부터 시작해야 할지 모른다고 말한다. A는 B에게 이 기계를 소개하며 주로 상체 운동에 사용되며 삼두근과 이두근에 효과적이라고 설명한다. B는 근육이 불룩하게 되고 싶지 않고 좋은 체형을 갖고 싶다고 말한다. A는 더 가벼운 무게로 시작하고 10에서 15회 반복으로 4세트를 해보라고 추천한다. 또한 철봉 운동 전에 스트레칭을 꼭 해야 한다고 조언한다. B는 A가 드는 무게에 놀라움을 표한다. A는 자신이 드는 무게가 그렇게 많지 않다고 말하며 대화를 마친다."
test_239,"A는 캠퍼스 안에 주차하고 싶어하지만, B는 학생들이 이용할 수 있는 주차 건물이 캠퍼스 서쪽에 있다고 말한다. B는 오늘 아침에 그곳이 안 찼다고 말하지만, 현재 상황은 모르겠다고 답한다."
test_240,"Emily는 미국에서 처음으로 받은 급여에 대해 Susan에게 문의한다. 그녀는 FICA와 SUI 세금이 무엇인지, 그리고 Medicare와 건강 보험 계획에서 공제되는 이유를 이해하지 못한다. Susan은 FICA가 연방 소득세이며, 사회보장세와 Medicare는 은퇴나 장애 시 지원을 위한 연방 프로그램임을 설명한다. 또한, SUI 세금은 주에서 설립한 실업 및 장애 기금에 기여하는 세금임을 알려준다. Emily는 주와 연방 레벨에서 별도의 소득세가 부과된다는 것을 알게 된다. Susan은 건강 보험과 401(k) 공제에 대해서도 설명하며, Emily는 대부분의 공제를 스스로 이해할 수 있을 것 같다고 말한다. Emily는 Susan의 도움에 감사하며, 나중에 다시 만나기로 한다."
test_241,"A씨는 자판기 사용법을 B씨에게 물어본다. B씨는 자판기 사용에 대해 설명하며, 돈을 슬롯에 넣고 원하는 상품을 선택하라고 안내한다. A씨는 자판기에 대한 불안감을 표현하지만, B씨는 자판기 사용에 익숙해질 것이라고 말하며 대화를 마친다."
test_242,"A와 B의 대화에서 B는 겨울방학 때 태국에 있는 여자친구를 만나러 갈 생각임을 A에게 알린다. A는 B가 태국에 여자친구가 있다는 사실에 놀라며, 둘은 인터넷으로 몇 달 동안 알고 지낸 사이이며 다음 달에 약혼할 계획임을 알게 된다. A는 B를 축하하며 마음을 따르는 것이 중요하다고 말하고, B는 인터넷이 사람들 간의 소통을 빠르게 하여 서로를 빨리 알아갈 수 있게 한다고 언급한다. A는 B의 말에 동의하며 대화가 마무리된다."
test_243,"A는 새로 구매한 가구와 집 안을 꾸미기 위해 돈을 모았고, 마침내 집을 꾸몄다. B는 새로 들인 가구와 소파를 보고 편하다고 말하며, 새로 단 커튼과 멋진 파란색에 대해 칭찬했다. A는 자신의 카펫에 대해 솔직하게 말하라고 하지만, B는 이전 카펫과 비슷하다고 말하며 새 카펫인지 아니면 이전 카펫을 청소한 것인지 물었다. A는 카펫을 두 번이나 청소했으며, 러그는 중국 여행에서 샀다고 말했다."
test_244,"A는 B로부터 A의 하루 운동 일정을 전달받는다. 일정에는 조깅, 직장까지 걸어가기, 헬스클럽에서 운동하기, 계단 이용하기, 일주일에 세 번 수영이나 라켓볼이나 핸드볼 하기 등이 포함되어 있다. A는 이러한 일정에 대해 부정적인 반응을 보이지만, B는 A에게 댄스 수업도 추가한다. A는 결국 댄스 수업에 대해서도 확답을 하지 못한다."
test_245,"A는 올해 졸업을 위해 과학 과목을 들어야 한다는 B의 말에 과학 과목 등록을 고려 중이다. B는 의예과 전공자로서 생물과 화학을 들어야 하며, A에게는 과학 전공이 아닌 학생들을 위한 입문 과목을 추천한다. A는 고등학교 때 수학 성적이 좋지 않았다고 말한다."
test_246,"A와 B는 B의 프로젝트와 더 환경친화적인 삶을 사는 방법에 대해 이야기한다. B는 과학 수업에서 환경 문제에 대해 배우고 이를 실천하기 위해 자동차 대신 자전거를 타고 학교에 다니기로 결정했다. 학교에서는 재활용 종이를 사용하고, 종이 사용을 줄이기 위해 전자적 과제 제출을 선생님들께 추천할 계획이다. 또한, 학교 매점에서 월요일에 고기 없는 날을 시행하고, 음료수가 들어있는 자판기를 없애는 등 더 나은 환경 정책을 제안하고자 한다."
test_247,"대화자 A는 토니에게 요즘 너무 피곤하다고 말하며 대화를 시작한다. 크리스마스가 다가오고 있지만, 모든 게 잘 안 풀리는 것 같다고 토로한다. A는 쇼핑센터의 장난감 부서에서 일하고 있어 아침 8시까지 출근해야 했고, 어제는 늦잠을 자서 10분 늦었다고 한다. 쇼핑센터 문이 열리면 손님들이 물밀듯이 들어와 소리를 지르고 A를 밀치거나 화를 내며 요구했다고 설명한다. B는 A의 상황을 듣고 정말 끔찍하겠다고 공감한다. A는 이제는 그런 상황에 익숙해졌지만, 크리스마스 전에 아이들 선물을 파는 일은 불쾌한 일이라고 말한다. 크리스마스는 이제 A에게 더 많은 일과 두통만 줄 뿐이라고 한탄한다."
test_248,"Bill은 파티를 위해 직접 만든 케이크를 Sue에게 권하지만, Sue는 의사로부터 특정 음식을 피하라는 조언을 받아서 먹지 못한다. Bill은 Sue에게 샐러드나 스프를 가져다주겠다고 제안하고, Sue는 나중에 같이 레스토랑에 가자고 대답한다."
test_249,"고객은 여름 옷을 찾고 있었고, 점원은 현재 여름 의류 전체가 20% 할인 중이라고 알렸다. 고객은 티셔츠를 고른 후 이에 어울리는 치마를 요청했고, 점원은 해당 섹션의 치마와 바지들을 추천했다. 고객은 그중 하나를 선택했고, 최종적으로 160위안에 구매를 완료했다."
test_250,"A는 지난달에 예약한 표를 받으러 왔지만, 국제선이라 72시간 내에 재확인하지 않아 예약이 취소되었다는 사실을 알게 된다. A는 최근에 너무 바빠서 재확인하지 못했다고 설명하고, 다음 비행기를 타고 싶다고 말한다. B는 3일 전에 표를 받으러 와야 했다고 설명하며, 다른 티켓이 있는지 확인하겠다고 한다."
test_251,"A와 B는 부활절에 가족들이 모두 모여 교회에 간 후, 각자 음식을 가져와 뷔페식 파티를 열기로 했다. 그러나 아이들은 어른들이 숨기는 동안 집에 머물러야 했고, 그 이유로 A의 아이 이준에게도 도망가라고 말했다."
test_252,"대화자 A의 아들 토니는 매일 상처 주는 말을 하는 나쁜 습관이 생겼다. 대화자 B는 토니가 어리지만 학습 능력과 사고력을 과소평가하지 말라며, 애정과 인내심, 존중으로 대하고 해야 할 일을 부드럽게 인도하고 도와주라고 권한다. 또한 토니가 협력하도록 유도하기 위해 좋은 행동에는 보상을 주고, 벌로 위협하지 말라고 조언한다. A는 부모님께서 벌할 것처럼 위협하는 것이 효과가 없다는 것을 알고 시도해보기로 한다."
test_253,"친구 Julie와 Alex의 결혼 소식을 전하는 A와 그를 듣는 B의 대화. Alex의 들러리가 준비하는 총각 파티에 대한 이야기가 중심이며, B는 스트립 클럽 방문을 걱정하지만 A는 단순한 재미로 하는 일이라며 과한 행동은 없을 것이라고 안심시킴. 대화가 마무리되며 B는 자신의 친구 Wendy의 결혼과 그녀의 파티 준비 중임을 밝힘."
test_254,"고객은 투표용지를 어디서 받을 수 있는지 모른다고 도움을 요청했고, 직원은 고객이 일하는 곳이라고 소개하며 도움을 제안했다. 직원은 고객의 신분증을 확인하고 투표용지를 주었으며, 투표 부스로 가서 투표하라고 안내했다. 고객은 감사의 인사를 전했다."
test_255,"회사에서 곧 인원 감축을 한다는 소식에 주인공과 친구는 누가 잘릴 것인지에 대해 대화를 나눈다. 그들은 조지와 앤디는 아첨과 연줄로 인해, 리사는 사장과의 스캔들로 인해, 마이클은 판매 기록으로 인해 잘리지 않을 것이라 추측한다. 결국 그들은 자신들이 감축 대상일 수도 있다고 생각하며, 가족에 대한 걱정과 회사 분위기에 대한 불만을 나눈다."
test_256,"대화에서는 최근 중국 드라마 '중국식 이혼'에 대해 이야기하며, 이를 통해 현대 젊은이들의 결혼과 이혼에 대한 태도를 논의한다. 드라마가 현대 사회의 결혼과 이혼의 어려움을 잘 반영하고 있다는 점에 동의하며, 최근 몇 년간 증가한 이혼율과 젊은이들이 빨리 결혼하고 빨리 끝내는 경향에 대해 언급한다. 또한, 젊은이들이 결혼을 진지하게 보지 않고, 사랑을 열정으로만 보는 태도에 대해 이야기하며, 급하게 결정하는 것이 결혼에도 부정적인 영향을 미칠 수 있다는 점을 지적한다."
test_257,"대화 당사자들은 여행 예산을 논의하고 있다. Judy는 총 금액이 13,000 RMB 이상이라고 말하며, 그 중 상당 부분이 교통비와 호텔비로 사용될 것이라고 설명한다. 상대방은 저렴한 호텔을 선택하면 숙소 품질이 나빠질까 걱정하지만, Judy는 청년호스텔을 깨끗하고 경제적인 대안으로 제안한다."
test_258,"친구 메리가 어제 제로드와 결혼했으며, 그들은 현재 파리에 살고 있다는 사실에 대해 이야기하고 있다."
test_259,"친구 B가 지갑을 잃어버려 돈에 궁해지자, 친구 A가 50달러를 빌려주기로 한다. A는 책을 사고 주유소에 들를 계획이었고, B는 A와 같이 움직이기로 한다. A는 B가 준비될 때까지 기다리기로 한다."
test_260,"A와 B는 주요 공급업체인 Murphy Music과 U-Tunes의 합병 소식에 대해 이야기합니다. A는 재정신문에서 이 소식을 직접 읽었으며, U-Tunes가 Murphy's에게 인수되어 다음 달부터 합병이 이루어질 것이라고 전합니다. B는 두 회사가 과거에 치열한 경쟁자였기 때문에 이 소식을 믿기 어려워하며 소문일 것이라 생각합니다. A는 두 회사가 경쟁을 유지하는 것보다 합병하는 것이 더 유리하다고 판단했을 것이라고 설명합니다."
test_261,"A는 B에게 자신의 새 조수인 조를 소개했지만, B는 조가 거만해 보인다며 부정적인 인상을 받았다. A는 조가 모두에게 친절하다고 주장하지만, B는 여전히 조가 자신에게 인사를 하지 않았다는 점에서 부정적인 생각을 가지고 있다."
test_262,"Sarah는 회의에서 자신의 제안을 아무도 들어주지 않아 속상해하고 있다. 회의는 Bob이 주재했는데, 그는 자기 제안만 내놓고 다른 사람들의 의견을 듣지 않았다고 한다. 회의 주제는 사무실 워크플로우를 개선하는 아이디어를 찾는 것이었지만, 회의는 효율적이지 않았다. Sarah는 자신의 의견을 잘 전달하기 위해 짧고 간결하게 말하는 방법을 배워야겠다고 생각한다. 복잡한 설명이 필요할 경우, 주요 포인트만 회의에서 언급하고 회의 후에 관련된 사람들과 이야기하는 것이 좋다는 조언을 받는다."
test_263,"이 대화는 무슬림의 메카 순례인 '하즈'에 대한 내용이다. '하즈'는 무슬림 남성이 일생에 한 번은 해야 하는 의무적인 순례로, 메카는 이슬람 신앙의 영적 중심지이다. 매년 많은 순례자들이 모이기 때문에 사고가 발생하기도 하며, 이를 방지하기 위해 사우디 정부는 순례자 수를 제한하고 있다. 또한, 대화에서는 다른 종교의 순례지에 대해서도 언급하며, 특히 치유를 위해 찾는 프랑스 루르드 지역에 대해 이야기한다. 루르드에서의 치유는 개인의 믿음과 마음의 변화가 가져오는 효과라고 생각한다."
test_264,"화자 A는 마이크에게 제니가 같이 가는지 묻고, 마이크는 왜 그런지 묻는다. 화자 A는 그냥 궁금해서 물었다고 하지만 얼굴이 빨개진 것을 보고 마이크는 화자 A가 제니를 좋아하는 것 아니냐고 놀린다. 화자 A는 부정하지만, 마이크는 화자 A가 제니에게 자신의 감정을 표현해야 한다고 말한다. 화자 A는 거절당할까봐 두렵다고 하지만, 마이크는 시도해보는 게 좋다고 격려한다."
test_265,"본인은 화가 날 때 먼저 진정하고 화가 난 이유를 생각해보려고 노력한다. 화를 푸는 방법으로는 음악 감상, 특히 마음을 안정시켜주는 클래식 음악을 추천한다. 또한, 조깅, 요가, 산책과 같은 운동을 통해 화를 푸는 것도 좋은 방법이라고 언급한다."
test_266,"아빠와 딸의 대화로, 딸이 뉴질랜드에 있는 가족에 대해 묻는다. 그들은 딸의 외삼촌 Bill과 그의 아내 그리고 두 딸이다. Bill은 딸의 엄마의 오빠이며, 두 딸 Sarah와 Jane은 딸의 사촌이다. Sarah는 Bill의 큰딸이고, Jane은 Bill의 재혼으로 생긴 딸이다. 그래서 두 딸은 의붓자매지간이다. 그들은 내년에 유럽 여행을 하며, 그때 딸과 아빠를 방문할 계획이다."
test_267,"Stuart는 도시 마라톤에서 우승하여 축하를 받았고, 그의 성과에 대해 기쁘고 자랑스러워했다. 그의 팬들도 경기를 관람하며 그의 승리를 응원했고, Stuart는 그 순간을 흥미진진하게 기억하고 있다."
test_268,"면세점에서 한 남자가 직원에게 선물을 고르고 있다며 도움을 요청한다. 직원은 미국인인 그에게 아이들에게 줄 스니커즈를 추천하지만, 면세점 규정상 5켤레를 구매할 수 없다는 것을 알게 된다. 그는 아내를 위한 선물로 DENY 향수를 추천받고, 미국에서보다 훨씬 저렴한 가격에 놀라게 된다. 결국 그는 향수를 구매하기로 결정한다."
test_269,"A는 영국으로 전화하고 싶지만 높은 로밍 요금 때문에 망설이고 있다. B는 현지 SIM 카드를 구매하여 사용하는 방법을 제안한다. A는 비용에 대해 궁금해하고, B는 SIM 카드가 100위안이고 영국으로 전화할 경우 분당 10위안의 비용이 든다고 설명한다. A는 이 방법이 저렴하다고 판단하고 감사함을 표한다."
test_270,"B는 현재 월급으로 1,800위안을 받고 있으며, A는 B를 채용한다면 초기에는 한 달에 2,500위안을 지급하고 매주 주말 휴무 및 매년 유급 휴가 한 달을 제공하겠다고 제안했다. B는 이 제안에 감사의 뜻을 표했다."
test_271,"A와 B는 Barry에 대해 이야기를 나누고 있다. A와 B 모두 Barry가 너무 야심차고 정직하지 않다고 생각한다. A는 Barry의 형제인 Paul을 좋아한다고 말하며, Paul이 매우 사교적이고 정직하다고 설명한다. B는 자신을 정중하고, 신중하고, 편안하고, 수줍음이 많다고 생각한다고 말한다. A는 B가 수줍음이 많다는 것에 동의하지 않지만, B는 사람들이 먼저 자신에게 말을 걸어온다고 설명한다. 결국 A는 B의 생일 파티에 참석하기로 한다."
test_272,"구매자는 파사디나나 아카디아에 위치한 3개의 침실과 2개의 화장실이 있는 중간 크기의 집을 찾고 있으며, ABC 학군 내에 위치하고 전망이 좋은 집을 원한다. 부동산 중개인은 이러한 조건에 맞는 완벽한 집을 찾아 며칠 내로 연락주기로 했다."
test_273,"A씨는 샘플을 보는 것은 좋았지만, 당장은 결정을 내리기 어렵다고 했다. B씨는 샘플을 두고 가고, 다음 주에 연락하기로 합의했다."
test_274,"대화 상대 A는 PHS에서 페어 오크스와 오렌지 그로브에 있는 Sons까지 가는 직행 버스가 있는지 묻는다. 상대방 B는 그 위치까지 가려면 버스를 두 번 타야 한다고 답한다. 먼저 서쪽 방향으로 가는 268번을 타고, 페어 오크스와 워싱턴에서 내려서 261번으로 갈아타면 Sons까지 갈 수 있다고 설명한다. A가 다른 방법이 있는지 묻지만, B는 그게 전부라고 답한다."
test_275,"A는 비가 오는 날 B에게 집까지 태워다 주겠다고 제안했고, B는 감사함을 표했다. A는 차 열쇠를 꺼내는 동안 우산을 들어달라고 부탁했고, B는 도와주기로 했다. 둘은 날씨가 끔찍하다는 것에 동의하며 대화를 나누었고, A는 차 문을 열어 B를 태웠다."
test_276,한 사람이 다른 사람의 팔을 움직이며 통증을 확인하고 있다. 환자는 어깨에 약간의 통증을 느끼지만 다리는 아무렇지 않다고 말한다. 의료진은 어깨 엑스레이를 찍어야 하지만 오늘 밤은 병원에서 보내야 한다고 설명한다.
test_277,고객은 IBA 고객 서비스에 분실한 국제 신용카드에 대해 문의했다. 고객은 한 시간 전 호텔 로비 바에서 방 요금 지불 후 신용카드를 잃어버린 것 같다고 말했다. 고객 서비스 직원 설리는 고객의 카드를 정지시키고 새로운 카드를 발급해 주기로 했다.
test_278,"A는 잠깐 낮잠을 자려고 하고 B는 A의 전화기를 뽑아두는 것이 좋겠다고 제안한다. A는 한 시간 후에 깨워줄 것을 거절하고, B는 6시에 저녁 준비를 시작하겠다고 말한다. A는 그 때쯤 일어날 것 같다고 답하고, B는 음식 요리 냄새가 A를 깨울 것이라고 농담한다. A는 피곤하다고 말하며 좋은 낮잠을 자길 바란다고 하고, B는 A에게 좋은 낮잠을 기원한다."
test_279,"고객은 중국 음식을 선택하여 식당에서 먹기로 결정하고 앞쪽 테이블로 안내받는다. 두유를 주문하고 밸류 밀 두 개와 고추장을 추가로 요청한다. 직원은 친절하게 응대하며 두유와 추가 요청 사항을 제공하고, 고기의 종류를 묻는 질문에 소고기라고 답변한다. 고객은 소고기를 먹어도 괜찮다고 하며, 도움이 필요하면 버튼을 누르라는 안내를 받는다."
test_280,"식당에서 음식을 먹기 위해 기다리는 동안, A와 B는 필요한 식기를 챙기고 줄을 선다. 음식 냄새를 맡고 기대감을 나누며, A는 크림 케이크를 많이 먹을 계획을 말한다. 반면 B는 크림 케이크를 좋아하지 않는다고 답한다."
test_281,"루카스가 먼저 노래를 부르기로 했지만, 루시는 듣고 싶다고 하며 다른 사람이 노래하길 원한다. 하지만 아론이 루카스를 재촉하고, 결국 루시는 엘비스 노래를 틀기로 한다. 루시는 리스트의 가장 위에 그 노래를 올려두기로 한다."
test_282,"DVD 산업의 영향으로 영화관이 큰 도전에 직면하고 있으며, 영화 상영의 개념을 혁신해야 한다는 의견이 나왔다. 영화관은 단순히 영화를 보는 곳이 아니라 사람들과 만나는 장소가 되어야 한다는 제안이 있었다."
test_283,"화자는 봄에 어울리는 드레스를 찾고 있으며, 상대방은 갈색 드레스를 추천하지만 화자는 더 가볍고 산뜻한 것을 원한다. 상대방은 실크와 면 드레스를 제안하고, 화자는 하얀색 면 드레스를 선호한다고 답한다."
test_284,A는 B에게 오늘이 용돈 주는 날인데 용돈을 달라고 한다. B는 깜빡했다고 하고 A는 매주 토요일마다 용돈을 주는 것을 잊어버려서 계속 쌓였다고 한다. B는 현금이 있는지 모르겠다고 하고 A는 은행에 가거나 침대 밑에 있는 비밀 돈통을 사용하라고 한다. A는 용돈으로 저축도 하고 가난한 사람들에게도 주고 나머지는 책을 살 계획이라고 한다. B는 그 계획이 아주 좋다고 한다.
test_285,"A와 B는 마이크의 생일 파티에 대해 이야기한다. A는 방금 파티 초대장을 받았고, B는 오늘 아침에 초대장을 받았다. 파티 시작 시간이 적혀 있지 않아 A가 마이크에게 시간을 물어보기로 한다. B는 자신의 차로 파티에 갈 것이고, A도 같이 타기로 한다."
test_286,A person wants to send a parcel via priority mail and asks if they can insure it for $50. They also need to purchase a booklet of 22 stamp sheets and three airmail stamps. The assistant directs them to the stamp window next to the regular mail window for these items and explains that money orders are available three windows down the hall to the left.
test_287,"대화에서는 자연재해에 대한 이야기가 진행된다. 태풍에 대한 이야기를 시작으로 지진의 위험성에 대해 이야기한다. 중국은 유라시아 판에 위치해 있어 지진이 자주 발생하며, 역사적으로도 많은 파괴적인 지진을 겪었다. 특히 원촨 8.0 강진에 대한 언급이 있으며, 이 재해 앞에서 사람들은 '구조'와 '지원'이라는 두 단어로 하나가 되었다고 회상한다. 마지막으로, 자연재해 앞에서는 모든 인류가 하나로 뭉쳐 사랑을 나누는 것이 중요하다는 결론에 도달한다."
test_288,"A와 B는 현재 날씨가 매우 궂다는 것에 대해 이야기한다. A는 비가 그칠 것인지 묻고, B는 장마가 곧 끝날 것이라고 답한다. A는 장마가 얼마나 지속되는지 묻고, B는 약 두 달 정도라고 말한다. A는 습하고 추운 날씨를 견디기 힘들다고 말하며, B는 이런 날씨에 익숙하다고 답한다. 마지막으로 A는 따뜻한 날씨를 선호한다고 말하고, B는 곧 봄이 올 것이라고 대답한다."
test_289,"올림픽 기념품 가게를 방문하기로 계획한다. 배구 경기 후 기념품 가게에 가서 가족들에게 줄 선물을 사기로 한다. 올림픽 마스코트 인형에 관심이 있으며, 다른 아이템으로는 엽서, 열쇠고리, 포스터, 예술품, 공예품 등이 있다. 마스코트 인형은 크기에 따라 가격이 다르며 세트 할인은 없는 인기 상품이다. 경기 후 기념품 가게를 방문하여 다양한 아이템을 구경하기로 한다."
test_290,"대화에서는 팬을 구매하려는 A와 그를 돕는 B의 대화가 이루어진다. A는 큰 요리를 자주 하기 때문에 큰 팬을 원했고, B는 16인치 팬을 추천했으나 A는 너무 무겁다고 판단했다. 이에 B는 알루미늄 팬을 추천하며 가볍고 손잡이도 나무로 된 것이 있다고 설명한다. A는 이를 마음에 들어하며 구매를 결정하고, 현금 결제를 하기로 한다. 마지막으로 B는 팬에 맞는 뚜껑을 함께 제공한다고 알린다. 결과적으로 A는 원하는 팬을 구매하게 되었다."
test_291,"A와 B는 일에 대한 대화를 나눈다. A는 책상에 일이 많이 쌓여 있어 다시 일하러 가야 한다고 하고, B도 마찬가지라고 대답한다. A는 퇴근 후에 B를 보고 싶다고 하며, 같이 차를 타고 가고 싶다고 말한다. B는 다섯 시에 만나자고 제안하고, A는 동의한다. 결국 두 사람은 다섯 시에 만나 함께 퇴근하기로 한다."
test_292,"대화 요약: A는 Becker씨에게 사무실을 보여주셔서 감사하다고 인사하며, 워싱턴의 관료들이 그들의 직업을 좋아하는 이유를 알 것 같다고 말한다. 도시는 아름답고, 사무실은 현대적이고 편안하며, 일이 흥미롭기 때문이다. Becker씨는 많은 사람들이 성인 기간 동안 연방 정부를 위해 일하며, 공무원 생활은 보람 있고 안정적인 직업이 될 수 있다고 설명한다. A는 금전적으로도 보람 있는지 묻고, Becker씨는 많은 직책이 민간 업계와 비슷한 급여를 지급한다고 답한다. A는 대부분의 관료들이 게으르다고 생각했었지만, Becker씨는 대다수의 연방 직원들은 정직하고 성실한 전문가들이라고 말한다. Becker씨는 고도로 훈련된 인재를 유지하는 것이 어렵기 때문에 급여와 근무 조건이 매력적이어야 한다고 덧붙인다. 마지막으로 A가 Becker씨의 급여를 묻자, Becker씨는 GS-15 수준이라고 답하며, GS-1이라도 생활 임금을"
test_293,"대화에서 A는 Pete에게 Henry Johnson을 소개한다. 그들은 모두 뉴욕 출신이라는 것을 알게 된다. Henry는 중국에서 생활하는 것에 대해 이야기하며 교통, 오염, 언어 장벽과 같은 어려움에도 불구하고 중국을 좋아한다고 말한다. 그들은 유명한 만두집에서 저녁을 먹고 노래방에 가기로 계획한다. Pete와 Henry는 노래방에 대해 이야기하며 둘 다 노래 실력이 좋지 않다고 말한다. 결국 그들은 맥주를 마시며 즐기기로 결정한다. 그들은 저녁을 먹고 베이징의 바 거리로 가기로 한다."
test_294,"Julie는 지난주에 아팠고, 아직도 조금 몸이 안 좋다. 의사 선생님은 식중독이었을 거라고 생각한다. 일요일에 좋은 레스토랑에서 식사를 했지만, 집에 오는 길에 산 치킨이 문제였을 것이다. 지금은 조금 나아졌고, 친구들의 노트와 인터넷 강의 자료로 수업을 따라가고 있다."
test_295,"Mike의 엄마는 친구들을 초대하여 오늘 오후에 모임을 가질 예정이다. Mike는 모임 준비를 돕기로 했고, 음료수를 사오기로 했다. Mike는 과일 주스와 콜라를, 엄마는 커피와 물을 준비하기로 했다. 또한 사과를 사오기로 했고, 설탕도 사오는 것을 잊지 않기로 했다. 친구들은 한 시간 후에 도착할 예정이다."
test_296,"A는 B의 베를린 도착을 환영하며, B는 역에서 오래 기다리지 않았다고 답한다. A는 추운 날씨에 버스 여행 후의 기분을 묻고, B는 19시간의 여행이 나쁘지 않았다고 답한다. A는 비행기를 이용하면 더 빨리 올 수 있었다며, B의 환경 보호를 위한 선택에 대해 의문을 제기한다. B는 버스의 불편함과 냄새, 옆 사람의 코골이를 언급하면서도 환경적 이점을 위해 버스를 선택했다고 설명한다. A는 B의 건강도 걱정하며 대화를 마무리한다."
test_297,"대화 상대 B는 이런 종류의 일을 해본 적은 없지만 잘할 수 있을 거라고 생각한다. 주말에도 일하는 것에 대해 괜찮다고 표현했으며, 여행하는 것과 사람 만나는 것을 좋아한다고 말한다. 외국어로는 독일어와 프랑스어를 잘하고 일본어를 1년 정도 공부했다고 한다. 또한, 대중 연설은 많이 해보진 않았지만 대학 시절 학급 앞에서 말하는 것을 좋아했다고 언급한다."
test_298,"제니와 빌의 초대로 지미는 전날 베이하이 공원에 피크닉을 다녀왔다. 아침 9시쯤 출발하여 강가에서 점심식사를 하고, 바에서 술 한잔하며 친구를 사귀고 카드 게임을 하며 즐거운 시간을 보냈다. 교통 체증으로 집에 늦게 도착하여 에이미에게 전화로 연락받지 못했다. 에이미는 지미에게 책을 돌려주기 위해 아래 카페에서 만나기로 약속했다."
test_299,"피터는 정원에 물을 주어야 해서 차 마시자는 제안을 거절하였지만, 갑자기 비가 와서 물을 주지 않아도 되게 되었다. 이제 피터는 차를 마실 수 있다."
test_300,"A는 긴급 회의를 최대한 빨리 소집해야 한다고 말하고, B는 회람을 보내기로 한다. A는 Ken이 오늘 오후에 돌아오면 일정을 잡으라고 하지만, B는 Ken이 돌아오지 않을 것 같다고 답한다. A는 진행하라고 하고, Ken에게 설명하겠다고 말한다. B는 중요한 건이라는 것을 이해하고 회의를 진행하기로 한다."
test_301,고객은 우편에 필요한 우표를 구매하기 위해 상담을 요청했다. 직원은 편지의 무게를 측정한 후 등기 및 익일 배송 옵션을 포함한 총 비용을 계산했다. 고객은 10달러를 지불하고 거스름돈과 영수증을 받았다. 거래 후 고객은 직원에 감사를 표하고 떠났다.
test_302,"의사는 Smith씨의 감염이 심각하다고 진단했다. 항생제와 가려움증, 화끈거림을 완화할 크림을 처방해주기로 했다. 환자는 처방전을 가지고 4층 약국에서 할인받아 약을 구입할 수 있다."
test_303,"중국 공예품을 구매하고자 하는 B의 요청에 A는 당나라의 삼채 도자기, 자수, 바틱, 옥 조각 등을 추천한다. B는 독특한 중국식이며 운반이 쉬운 제품을 원했고, A는 종이 공예품, 자수, 바틱을 추천한다. B는 자수를 좀 더 보고 싶다고 말한다."
test_304,"대화에서는 유명한 에펠탑에 대해 이야기한다. 이 탑은 1889년 만국박람회를 위해 지어졌으며, 높이가 320미터로 1930년까지 세계에서 가장 높은 구조물이었다. 또한, 이 탑은 설계자인 구스타브 에펠의 이름을 따서 지어졌다고 언급한다."
test_305,"대화 상대인 A는 Brian에게 영어 구사 가능 여부를 묻고, Brian은 가능하다고 답한다. A는 Brian이 영어를 어디서 배웠는지 묻고, Brian은 대학에서 배웠다고 답한다. A는 Brian의 영어 실력에 대해 칭찬하고, Brian은 감사 인사를 전한다. 이후 A는 Brian이 미국에 온 지 얼마나 됐는지 묻고, Brian은 3주 정도 됐다고 답한다. A는 Brian의 아내가 함께 왔는지 묻고, Brian은 아내가 어제 도착했다고 답한다. A는 Brian이 캘리포니아를 방문한 적이 있는지 묻고, Brian은 없다고 답한다. 마지막으로 A는 Brian이 라스베이거스를 방문한 적이 있는지 묻고, Brian은 출장으로 한 번 갔었다고 답한다."
test_306,"A와 B는 누군가가 한 시간 전에 도착해야 했는데 아직 도착하지 않아 걱정하고 있다. A는 그 사람이 이제 어른이니까 잘 알아서 할 것이라고 B를 안심시키려 하지만, B는 여전히 걱정하고 있다."
test_307,"A는 현재 진행 중인 일에 대해 경고하며 문제가 생길 수 있다고 우려하고 있다. 반면 B는 지금까지 순조롭게 진행되어 왔고, 크게 어려움이 없었다며 A의 우려를 이해하지 못하고 있다. A는 B가 항상 긍정적인 면만 보고 부정적인 가능성을 고려하지 않는다고 지적하며, B의 결정에 대한 책임을 B 자신에게 돌리고 있다."
test_308,"존이 일주일에 7번이나 데이트를 하고 있다는 사실에 대해 이야기하며, 그가 그녀에게 푹 빠진 것 같다는 의견을 나누고, 둘이 잘 어울리고 최고의 커플이라고 결론지었다."
test_309,"A와 B는 런던 여행 계획에 대해 대화한다. A는 런던의 역사적 중요성과 넬슨 기념탑, 보우디카 동상 등의 명소를 언급한다. B는 웨스트민스터 사원과 여성들의 영국 역사에서의 역할에 대해 기대감을 표현하며 엘리자베스 1세와 마거릿 대처를 예로 든다. 둘은 런던 타워를 방문하여 왕관 보석을 보기로 계획하고, B는 이전에 방문한 경험을 공유한다. 마지막으로 A는 마담 투소 밀랍 인형 박물관을 추천하며 대화를 마친다."
test_310,"A는 이번 학기에 학교에서 새로운 과목들이 추가되어 숙제가 많아졌다고 말했다. B는 A의 가장 좋아하는 과목이 체육일 것이라고 생각했지만, A는 과학을 가장 좋아한다고 말했다. B는 A가 과학에 흥미가 있다는 것을 믿기 어려워했지만, A는 과학을 통해 우리 주변에 대한 것들을 더 명확하게 배울 수 있다고 설명했다. A는 자신이 흥미 있는 것만 하는 영리한 사람이라고 말하며 대화를 마쳤다."
test_311,"친구 A와 B는 베이비샤워 파티를 하고 있다. 친구 A는 친구 B에게 자신을 위해 멋진 베이비샤워를 준비해 준 것에 대해 감사를 표한다. 친구들이 준비한 작은 턱받이, 유모차, 식탁의자, 카시트, 놀이펜, 침대 등의 선물을 열어보고 기쁨을 나눈다. 모든 선물을 열어본 후, 아기의 예정일에 대해 이야기를 나누던 중 친구 A는 양수가 터진 것 같다며 병원에 가자고 말하며 파티를 중단하고 병원으로 향한다."
test_312,"본인는 중국 관광에 대한 의사를 엄마에게 묻고, 엄마는 중국이 멋진 나라라며 긍정적으로 반응한다. 그러나 본인에게 같이 갈 것을 제안하자, 엄마는 바쁘다는 이유로 거절한다."
test_313,"대화 상대인 Tim과 Karren은 대화를 마무리하며 작별 인사를 나누고 있습니다. Tim은 시간이 늦었음을 깨닫고 가야 할 것 같다고 말하며, Karren에게 대화 즐거웠다고 감사의 말을 전합니다. Karren은 만나서 반가웠다고 답하며, Tim에게 감사의 말을 전합니다. Tim은 가끔 만나게 될 것을 희망하고, Karren도 그렇게 되기를 바란다고 대답합니다. 마지막으로 서로 잘 지내라는 인사를 나누고 대화가 마무리됩니다."
test_314,"친구 Michael이 새 오토바이를 샀고, 이를 타보았지만 화자는 오토바이 대신 자전거를 사고 싶어한다."
test_315,"대화 상대는 중국어, 영어, 프랑스어를 할 줄 안다. 프랑스어는 간단한 대화 정도만 가능하지만, 영어는 대화하는 데에 무리가 없고, 예전에는 통역사로 일한 경험도 있다. 또한 미국 회사에서 일할 수 있을 정도의 영어 실력을 갖추고 있다고 생각한다."
test_316,"A는 자신의 집을 방문한 B에게 자신이 타일러의 여동생 낸시라고 소개했고, B는 앤디의 전말을 부탁했다. A는 메모를 남기겠다고 답하고 통화를 마쳤다."
test_317,"고객은 오늘 뉴욕행 비행기를 타려 했으나, 비행기가 취소되었다는 소식을 듣고 다른 항공사의 좌석을 문의했다. 직원은 다른 항공사의 좌석을 구할 수 있을지도 모르지만, 많은 사람들이 기다리고 있다며 내일 비행기를 예약하면 50% 할인을 제공하겠다고 제안했다. 고객은 결국 내일 비행기로 예약하기로 결정했다."
test_318,"A와 B는 버거 퀸에서 점심을 먹기로 했다. A는 버거 퀸의 치즈버거와 감자튀김을 추천했고, B는 밀크셰이크를 기대했다. 하지만 줄이 길어서 기다려야 한다는 것을 알고 있었지만, 맛있는 음식을 위해 기다릴 가치가 있다고 생각했다. 그들은 가끔 한 번 먹는 것은 해롭지 않다고 생각하며 점심을 기대했다."
test_319,"고객은 짐이 8킬로그램 초과되어 초과 수하물 요금을 지불해야 하며, 취급 주의 라벨을 받아 짐에 붙이고 지정된 장소에 가방을 두어야 합니다."
test_320,"A씨는 목이 마르다고 하고, B씨는 갈증 해소를 위해 물을 마시는 것이 가장 좋다고 조언한다. A씨는 물 좀 마시고 싶다고 대답한다."
test_321,"AB 회사의 Wang Miao가 매니저 Liang의 사무실로 전화를 걸어 내일 아침 예정된 CEO Mr. Green과 Liang 씨의 약속에 대해 변경 사항을 알렸다. Mr. Green이 급한 일로 오늘 해외로 가야 해서 사과를 전달해달라고 요청했으며, Liang 씨가 돌아오면 다시 약속을 잡을 것이라고 전했다. Liang 씨의 사무실은 이를 수락하고 전화를 주신 것에 대해 감사의 인사를 전했다."
test_322,"여성 화 사이즈를 찾고 있는 A는 B의 추천에도 뒤꿈치가 꽉 끼는 것 같다고 말한다. B는 신다 보면 신발이 늘어날 거라고 말하며 A를 설득하고, 결국 A는 그 신발을 구매하기로 결정한다."
test_323,"A와 B의 대화에서 B는 프로젝트 보고서 작성에 어려움을 겪고 있으며, A는 B에게 보고서 작성 방법과 필요한 내용에 대해 설명한다. B는 보고서 작성 경험이 없어 형식과 내용에 대해 혼란스러워하고, A는 B에게 보고서 작성법을 가르쳐 주기로 한다."
test_324,"고객은 혼자라서 많이 못 먹기 때문에 페퍼로니, 올리브, 추가 치즈로 중간 크기 피자를 주문함. 직원은 특별 할인 메뉴인 해산물 피자를 추천하고, 고객은 얇은 도우로 해산물 피자를 주문함. 최종 금액은 $21.50이고, 30분 이내에 도착하지 않으면 무료임. 고객은 주소를 알려주며 통화를 마침."
test_325,"손님은 새우 칵테일을 주문하고, 토마토 수프 대신 제공되는 계란 수프와 양파를 곁들인 스테이크를 오늘의 메인 요리로 선택했다. 또한, 식사 후 블랙커피와 미네랄 워터를 추가로 요청했다. 직원은 주문을 확인하고 필요한 음료를 더 원하는지 물었으나 손님은 거절했다."
test_326,"전문가 요약: 판매자는 구매자에게 집에 대해 설명하고 있다. 아늑한 거실, 세 개의 안락한 침실, 큰 식당, 현대적인 주방(냉장고, 전기 스토브, 식기세척기 포함)이 있다고 언급했다. 또한, 집에 화장실이 두 개 있어서 사용하기 편리하다고 덧붙였다."
test_327,"고객은 3일 전에 구매한 개인 스테레오 제품에 대해 불만을 제기했다. 제품의 앞부분에 큰 스크래치가 있었고, 제품 설명과 달리 다른 사람들이 소음을 들을 수 있었다. 직원은 교환을 제안했으나, 고객이 영수증에 문제가 있다고 언급하며 대화가 끝난다."
test_328,"대화자 A는 주택 사무실에 줄을 서서 내년 기숙사 보증금을 내고 왔다며, 마감일이 5월 1일로 얼마 남지 않았다고 대화자 B에게 알린다. B는 아직 보증금을 내지 않았으며, 내야 할지 고민 중이라고 답한다. A는 기숙사 방을 원한다면 서두르는 것이 좋다고 권하며, 모든 학생에게 방이 있는 것이 아니고 신입생에게 우선권이 있다고 설명한다. B는 교외에서 살 생각을 하고 있다고 말하며, A는 교외에서 사는 것이 비용이 더 많이 들 것이라 지적한다. B는 비용을 고려해 보겠다며 결정을 내리기까지 좀 더 생각해 보겠다고 답한다."
test_329,"A는 중고 서점에서 오래된 동화책에 관심을 보이고, B는 6년 전에 출판된 소설을 추천한다. A는 책 안쪽에 1893년에 'Harold Dickson'이라는 사람이 남긴 메모를 발견하고, 이 서명이 유명한 사람의 것일 수도 있다고 생각한다. B는 모든 책이 50센트라고 말하며, A의 아이디어에 대해 회의적인 태도를 보인다. A는 이 서명이 윌리엄 셰익스피어의 것일 수도 있다고 생각하며, 도서관에서 'Harold Dickson'을 찾아보기로 결정한다. B는 A의 아이디어에 행운을 빌어주지만, 자신의 75센트짜리 책이 더 나은 선택이라고 생각한다."
test_330,"손님 B는 베이징 맛집에 들어와 창가 쪽 테이블에 앉고 싶다고 말하지만, 모두 만석이기에 중앙 테이블로 안내받는다. 닭고기, 생선, 야채, 콜라 두 잔, 밥 두 그릇을 주문하고, 직원의 권유로 베이징 덕도 추가로 주문한다. 하지만 친구를 기다려야 하기에 20분 뒤에 음식을 준비해 달라고 요청하고, 직원은 문제없다고 답변한다."
test_331,"A는 아들에게 중요한 증명서가 들어있는 편지와 시계가 들어있는 소포를 보내고 싶어한다. B는 편지는 배달 증명 우편을 이용하면 저렴하게 받았는지 확인할 수 있다고 알려준다. 시계가 들어있는 소포는 시계의 가치에 따라 보험을 들고, 더 비싸면 등기 우편으로 보내는 것이 가장 안전하다고 조언한다."
test_332,"Tom이 Sally와 John에게 보낸 편지에는 그들의 최근 편지를 받았다는 내용과 함께, 1월에 그들을 만나게 되어 기쁘다는 메시지가 담겨 있습니다. Tom은 그들이 도착하면 자신에게 전화해달라고 요청하며, 역에 마중 나가서 함께 저녁을 먹자고 제안합니다. 그의 전화번호를 모르는 경우를 대비해 전화번호도 적어 보냈습니다. 전반적으로 Tom은 그들의 방문을 기대하고 있다는 따뜻한 메시지를 전합니다."
test_333,"A는 도서관에서 컴퓨터를 사용하여 과제를 해야 하는데 그 과정이 너무 힘들어 짜증이 난다. B는 A의 기분을 이해하며, 빨리 자신의 컴퓨터를 구매할 수 있기를 바란다."
test_334,"A와 B는 오늘의 화창한 날씨에 대해 이야기하며 여름이 끝나고 가을이 온 것을 반기고 있다. A는 지난주보다 나은 날씨에 대해 언급하고, B는 가을이 가장 좋다고 말한다. 둘 다 소풍 가기에 좋은 날씨라는 데 동의하지만, 다가오는 주말의 날씨에 대해 의견이 다르다. A는 비가 올 것이라는 일기예보를 언급하며 소풍에 대해 망설이는 반면, B는 일기예보를 믿지 않고 소풍 날씨는 괜찮을 것이라고 확신한다."
test_335,"A씨는 컴퓨터에 관한 일반적인 정보를 찾고 싶어 참고 자료 데스크를 찾는다. B씨는 A씨가 특정 연구 프로젝트를 위한 것인지 묻고, A씨는 지금은 일반 정보를 원한다고 답한다. B씨는 컴퓨터 관련 잡지가 많이 있다며 A씨를 안내한다."
test_336,"한 명이 프렌치 가든 레스토랑에 들어와 참치 샌드위치와 야채 수프, 물 한 병을 주문했다."
test_337,"고객은 레모네이드 한 잔과 바비큐 윙을 주문하였고, 추가적인 전채요리는 필요하지 않다고 하였습니다. 이후 고객은 베이비백 립스를 추가로 주문하였으며, 더 이상의 추가 주문은 없다고 밝혔습니다."
test_338,"손님이 물 한 잔을 요청하였고, 직원은 추가로 필요한 것이 있는지 물었다. 손님은 식사와 함께 커피를 주문하고, 디저트는 나중에 주문할 수 있는지 물었으며, 직원은 가능하다고 답했다."
test_339,"A와 B는 가상의 상황에 대해 이야기를 나누고 있다. 만약 Eric이 데이트를 신청하면 B는 당연히 수락할 것이고, 복권에 당첨되면 A는 세계 여행 티켓을 살 계획이다. B는 A의 여행에 동행하고 싶다고 말하며, A의 아버지에게 여행 계획을 말하면 놀라실 거라고 이야기한다. 또한, A가 어머니에게 결혼하겠다고 말하면 어머니는 기절하실 거라고 말하며 정신병원에 보내질 거라고 농담한다."
test_340,"A는 자신의 새로운 강아지의 사진을 B에게 보여주고 싶어한다. B는 A의 새로운 애완동물을 사진으로 자랑하는 것에 대해 유머러스하게 반응한다. A는 강아지가 정말 재미있다고 말하며, B는 강아지가 귀엽다고 동의한다."
test_341,"아들과 어머니의 대화 요약: 아들은 Jane 이모가 Tom에게 새 자전거를 사줘서 자랑을 한다는 이야기를 한다. 어머니는 작년에 아들에게 새 자전거를 사줬다고 말하며, 아들은 Tom의 자전거가 자신의 것보다 좋다고 투덜거린다. 어머니는 Tom이 아들보다 얌전하기 때문이라고 말하고, 아들은 이를 부인한다. 대화가 버스가 늦게 오는 문제로 넘어가면서, 아들은 언젠가 큰 차를 사서 빠르다는 것을 증명하고 싶다고 말한다. 어머니는 교통 체증을 걱정하지만, 아들은 하늘에는 교통 체증이 없다며 어머니를 위해 비행기를 사겠다고 농담한다."
test_342,"손님이 치마를 찾고 있으며, 직원이 최신 유행 치마를 추천한다. 손님은 치마를 입어보고 마음에 들어 하지만, 가격 400달러를 듣고 놀라며 비싸다고 생각한다."
test_343,"대화 상대는 대화에서 도시의 역사에 대해 이야기한다. 도시는 200년 전에는 작은 마을이었으나 근처에서 대규모 석탄이 발견되어 여러 산업들이 자리를 잡으면서 빠르게 성장했다. 그 과정에서 근처 마을들을 흡수했고, 그 마을들의 이름이 도시 일부의 이름으로 남아 있다. 200년 이상 된 건물들이 아직 많이 남아 있으며, 많은 건물들이 과거 여행객을 위한 여관이었으나 현재는 펍으로 유지되고 있다. 또한, 과거 어느 마을 근처에 있던 성이 현재까지 남아 있다."
test_344,"세계의 환경 문제, 특히 대기 오염, 열대우림 파괴, 사막화에 대해 논의한다. 대기 오염은 선진국의 비용 문제, 개발도상국의 경제 발전 우선순위로 인해 해결이 어렵다. 열대우림 파괴는 단기적인 목재 이익에만 초점을 맞추고 장기적인 환경 피해를 고려하지 않는 문제이다. 사막화는 기후 변화와 과도한 농업으로 인해 발생하며, 식량 부족과 지역 간 갈등을 초래한다. 환경 보호를 위한 조직 가입 및 프로젝트 참여의 필요성에 대해 언급한다."
test_345,"A는 채팅방에서 많은 사람들과 대화하며 시간을 보내고 있지만 실제로 만난 사람은 없다. A는 16살 소녀인 척 하고 있으며, 한 남성과 온라인 친구가 되었다. 그 남성은 A를 이상형이라고 생각하고 있으며, A는 그 사람과 금요일에 만나기로 했다. B는 A의 행동이 이상하다고 생각하며, A가 남성인 채로 친구를 사귀는 것이 좋다고 조언한다."
test_346,"A의 딸 B가 시카고에 있는 신문사에서 실습을 하게 되었다. A는 딸이 그리울 것이라고 말하며 슬퍼하지만, B는 여름방학이 설렌다며 몇 달 뒤면 돌아올 것이니 너무 슬퍼하지 말라고 위로한다. A는 대도시에서 잘해낼 수 있을지 걱정하지만, B는 호기심 많고 사교적이라 다른 사람들을 통해 배울 수 있을 것이라고 자신한다. A는 실습이 회사만을 위한 것이 아니냐고 묻지만, B는 편집이나 컴퓨터 파일 정리, 마감 기한 관리에 능숙한 사람을 찾고 있었다며 걱정하지 말라고 말한다. A는 같이 일할 사람도 알고 있는지 묻고, B는 그들 중 한 명이 정기적으로 글을 쓰는 작가라고 말한다. A는 현장 교육까지 받겠다며 딸을 응원한다."
test_347,"고객은 토요타 카롤라를 3일간 빌리기를 원하며, 처음 이용하는 고객이다. 직원은 차의 색상을 선택하도록 안내하고, 고객은 은색을 선택했다. 직원은 신분증 복사 및 신청서 서명을 요청했고, 고객은 차 열쇠를 받았다. 반납 시간은 셋째 날 정오까지이다."
test_348,"A는 다음 주 뉴욕에서의 비즈니스 여행 중 관광 명소에 대해 B에게 묻는다. B는 유엔 본부를 방문하고 브로드웨이까지 걸어가서 공연 관람을 추천한다. A는 뉴욕의 대학들에 관심을 보이고, B는 콜럼비아 대학교와 뉴욕 대학교를 추천한다. 마지막으로 B는 도시 지도를 제공하고 관광 안내소를 방문할 것을 제안한다."
test_349,"대화 요약:

A는 B에게 필름 현상을 부탁하고, B는 가능하다고 답변한다. 현상 시간은 기본 6시간이며, 급하면 3시간 만에 가능하다고 한다. A는 급하지 않다며 내일 다시 방문할 계획을 밝힌다."
test_350,"승객 A는 B에게 자신의 청두행 CA216 항공편 지연에 대해 문의한다. B는 폭우로 인해 지연되었음을 확인하고, 현재로서는 지연 시간을 알 수 없으나 날씨가 곧 바뀔 것으로 예상된다고 설명한다. A는 기다리기로 하고, B는 최신 항공편 방송을 확인하라고 안내한다. A는 감사 인사를 전하고 대화를 마친다."
test_351,"대화 상대 A는 B에게 지도를 보여주며 북경대학의 위치를 묻고, B는 지도에서 북경대학을 찾아 알려준다. 그러나 A가 그곳에 가는 방법을 묻자, B는 이곳이 초행이라 잘 모르겠다고 대답한다. A는 감사 인사를 전하고, B는 근처에 있는 경찰관에게 물어보라고 제안한다."
test_352,"대화 요약:

A는 B에게 좋은 아침 인사를 건내며 신문과 날씨에 대해 물어봅니다. B는 신문에 새로운 내용이 없고, 여전히 부정적인 소식들이 많다고 대답합니다. 날씨는 오늘 맑고 온화하나 내일은 흐리고 비가 올 것이라고 전합니다. A는 최근 은행 강도 사건과 스포츠 경기에 대한 소식을 묻지만, B는 강도들은 아직 잡히지 않았고, 신문에서 직접 확인하라고 답변합니다."
test_353,"대화자 A는 컴퓨터 게임이 너무 폭력적이라며 싫어하지만, 대화자 B는 컴퓨터 게임 중에는 괜찮은 것도 많고, 게임을 통해 컴퓨터 사용하는 법을 배울 수 있다며 A의 의견을 반박한다."
test_354,"친구들과 저녁 식사 후 맥주 대신 체육관에 가서 운동하고 친구들을 만나기로 결정했다. 또한, Mary와 Sally가 괜찮다면 같이 춤추러 가자는 제안도 나왔다."
test_355,친구들은 함께 음식점을 방문하여 무엇을 먹을지 고민한다. 새우찜과 닭발을 두고 논의하다가 결국 닭발을 시키기로 결정한다. 음료는 와인으로 통일하고 하우스 레드를 한 병 주문하기로 한다.
test_356,"A는 B에게 가이드 경험이 있는지 묻는다. B는 가이드 경험이 있지만 많지는 않다고 답하며, 지난 겨울 방학에 미국에서 온 외국인 관광객을 안내한 경험을 이야기한다. A는 B가 보여준 명소들에 대해 묻고, B는 많은 곳을 보여줬다고 하며 그중 하나로 중국에서 가장 큰 폭포인 황과수폭포를 언급한다."
test_357,"고객은 Jack이라는 이름으로 더블룸을 3박 예약했으며, 직원은 예약을 확인하고 고객에게 몇 가지 양식을 작성해달라고 요청했습니다."
test_358,"전화 통화에서 질은 마크에게 그가 어제 파티에서 과음하여 회사에 결근한 이유를 묻는다. 마크는 축하받을 일이 있으면 다시 연락하기로 하고, 질은 빌의 부인에게 딸이 태어났다는 소식을 전한다. 두 사람은 내일 만나서 축하하기로 약속한다."
test_359,"A는 B에게 오늘 밤과 내일 밤에 같이 나갈 것을 제안했지만, B는 남편이 좋아하지 않을 것 같아서 초대에 응하지 못했다. 대신 극장에 가는 것을 제안하고 A는 B에게 전화를 걸어 약속을 잡으려고 했지만, B는 남편이 싫어할 것 같아서 전화를 받지 않기로 했다."
test_360,"대화에서는 두 사람이 야구 경기에 대해 이야기하고 있다. Cal Ripken의 홈런으로 볼티모어가 5 대 4로 이기고 있으며, 경기장에서의 좋은 경험과 팬들의 긍정적인 반응에 대해 언급하고 있다. 또한, 야구가 왜 미국의 국민 스포츠로 불리는지에 대해 회상하며 경기를 보는 것이 좋은 생각이었다고 동의한다."
test_361,"A는 B의 일을 도와주었고, B는 A에게 감사의 인사를 전했다. A는 도와줄 수 있어서 기뻤다고 말하며 겸손하게 반응했다. B는 A를 어려운 때 도움을 주는 진짜 친구라고 칭찬했다."
test_362,"대화 상대는 상대 나라의 천연자원 수출입에 대해 이야기한다. 상대 나라는 유럽, 북미, 중국에 구리를 주로 수출하고 있으며, 베네수엘라에서 석유를 수입하고 있으나 대체로 자급자족하고 있다고 한다. 최근에는 귀석 매장량이 발견되었으나 작은 규모이며, 정부는 천연자원을 활용한 자금 확보에 열심이다. 대화 상대는 상대 나라 정부가 인프라에 투자하여 장기 프로젝트에 잘 활용하길 제안한다."
test_363,"A와 B는 미술에 대한 관심사가 다르다. B는 1년에 한두 번 미술 전시회를 가지만 미술이나 조각에 대해 잘 알지 못한다. 반면 A는 미술관 가는 것을 좋아하고 특히 추상 미술 전시회에 관심이 많다. B는 고대 로마나 그리스 조각을 좋아해서 A와 함께 내일 국립 미술관에서 열리는 그리스와 로마 조각 전시회에 가기로 한다. 두 사람은 12시 30분에 버스 정류장에서 만나기로 하고, 모든 전시회를 보려면 세네 시간은 걸릴 것이라고 A가 말한다."
test_364,"고객은 도서관 직원에게 책 반납과 비디오 대출 요청을 했다. 직원은 고객의 요청을 확인하고 도서관 카드 제시를 요청하였다. 고객은 도서관 카드를 제시하였고, 직원은 비디오 대출 시 주의사항을 안내했다. 고객은 비디오를 손상시키지 않을 것을 약속했다."
test_365,"대화 상대 A와 B의 볼링에 대한 대화. A는 B에게 볼링 게임은 10프레임으로 구성되어 있으며, 각 플레이어는 프레임마다 두 번씩 볼을 던질 수 있다고 설명함. B는 게임의 구성에 대해 잘 모르는 듯 하고, A는 게임하면서 더 설명해 주겠다고 함."
test_366,"고객은 우편으로 받은 전단지에서 은행과 증권사 간 자금 이체 서비스에 대해 알게 되었다. 이 서비스는 주식 투자자에게 추가 혜택을 제공하며, 최신 증권 거래소 시세와 투자 계획에 대한 맞춤형 상담 서비스를 제공한다. 고객은 직접 지점에 방문하지 않고도 전화나 인터넷을 통해 상담 서비스를 이용할 수 있다."
test_367,"손님은 30분 후에 체크아웃해야 하며, 도시에 더 들르기 위해 짐을 맡길 곳을 찾고 있다. 직원은 짐 보관 공간이 있지만 약간의 요금과 보증금이 필요하다고 설명한다. 손님은 보증금 요구에 대해 생각해봐야 한다고 말하며, 직원은 체크아웃 시간이 얼마 남지 않았음을 상기시킨다."
test_368,"세 명의 손님이 뷔페 이용 요금을 묻고, 음식과 음료에 대한 설명을 듣는 대화."
test_369,"고객은 해외 유학을 위한 개인 대출에 대해 문의하였다. 상담원은 해외 유학을 위한 개인 대출을 제공하며, 대출자는 본인 또는 직계 가족, 배우자가 될 수 있다고 안내했다. 나이 제한은 딱히 없으나, 대출자는 55세 미만이어야 하고, 고등학교 졸업 이상의 성년인 18세 이상이어야 한다고 설명했다. 고객은 조건에 잘 맞는다며 부모님과 상의 후 다시 연락하겠다고 하였다."
test_370,"A는 영어 노래가 있는 책이 있는지 B에게 묻는다. B는 그런 책이 있다며, 책에 모두 모아놨다고 대답한다. A는 감사 인사를 전하고, B는 영어 노래를 부르는 사람이 많지 않아 시간이 조금 걸릴 것이라고 알려준다. A는 그 사실을 알고 있다고 답한다."
test_371,A는 B를 자신의 사무실로 초대하여 대화를 시작한다. A는 B가 주요 신문사에 기고하고 첫 소설을 집필 중인 인상적인 글쓰기 경력을 가지고 있다는 것을 알고 있다. A는 B가 그들의 신문사에 지원한 이유를 묻는다.
test_372,"대화자 A와 B는 잭의 인터뷰 결과를 알아내기 위한 방법에 대해 논의했다. 이메일 보내는 것이 가장 좋은 방법이라고 결정했고, 이메일은 간단하고 예의 바르게 백 자 정도로 작성하는 것이 좋다고 합의했다. 이메일 발송 후 답장을 주의 깊게 확인하기로 했다."
test_373,대화 상대 B의 집을 방문한 A는 B의 안내로 마당을 둘러보게 된다. A는 마당의 넓이와 나무에 매달린 옥수수 귀에 대해 관심을 보이며 대화를 나눈다. B는 수확 후 바로 옥수수 껍질을 벗길 시간이 없어 나무에 걸어두었다고 설명한다. A는 이를 집의 풍요로움을 보여주는 좋은 방법이라고 평가한다.
test_374,"대화 요약: A는 40분 후에 호텔 체크아웃을 할 예정이라고 B에게 알린다. B는 체크아웃 준비 완료를 알리며, A는 뉴욕의 하루가 시작되었음을 언급한다. A는 관광을 계속하는 동안 짐 보관에 대해 문의하고, B는 호텔의 보관소를 이용할 수 있지만 보증금이 필요하다고 설명한다. A는 자신의 짐을 보증금으로 사용 가능할지 묻지만, B는 신용카드가 필요하다고 답한다. A는 잠시 생각해볼 시간을 요청하고, B는 체크아웃 시간임을 상기시킨다."
test_375,"A는 B가 가입하려는 웹사이트가 무료라는 말에 의심스러워한다. B는 그 사이트가 글쓰기 실력을 무료로 향상시켜준다고 말하지만, A는 사이트의 보안과 신뢰성에 대해 의문을 제기한다. A는 사이트의 URL이 안전해 보이지 않고, 사이트의 영어 실력이 부족하다는 점을 들어 사기의 가능성을 제기한다. B는 사이트가 정직하다고 주장하며 직원들의 사진을 보여주지만, A는 여전히 의심스러워하며 B의 컴퓨터를 꺼버릴 것이라고 말한다. 결국 A는 B가 사기에 넘어갈까봐 걱정하며 대화를 마친다."
test_376,"대화 당사자 A는 교장이 새 실험실 건물을 지을 것 같다고 말하지만, B는 확신이 없다. B는 현재의 실험실 건물이 늘어나는 교육 수요를 충족시키지 못한다는 점은 동의하지만, 새 건물을 빨리 짓지 못하는 이유는 재정 문제일 것이라고 추측한다. A는 교장이 지역 정부에 도움을 요청할 것이라고 믿고, B도 이번 학기 내에 결정이 내려질 가능성이 높다고 생각한다."
test_377,"A는 은행에서 받은 신용카드를 사용하기 시작해서 기쁘다. B는 A가 카드로 무엇을 샀는지 묻고, A는 소고기를 샀다고 대답한다. B는 카드 분실에 대해 경고하고, A는 카드 사용 한도에 대해 묻는다. B는 한도가 천오백 달러라고 말하고, 카드 사용 후 갚아야 한다고 상기시킨다. A는 카드 사용이 편리하다고 언급하며 대화를 마친다."
test_378,"A는 B에게 내일 예정된 두 마을 방문 중 하나를 선택할 것을 요청한다. 하나는 베이징 근교에 위치한 마을이고 다른 하나는 산간 지역에 위치한 마을이다. A는 B의 선호도를 오늘 중으로 알려달라고 요청하고, B는 산간 지역 마을을 선택한다. 이에 A는 산간 지역 마을이 먼 거리에 있어 내일 아침 6시에 출발해야 한다고 알린다. B는 이에 동의한다."
test_379,"대화 요약: A와 B는 스트레스 해소 방법, 육아의 기쁨, 미래 계획 및 꿈, 그리고 10대들에게 전하는 조언에 대해 이야기합니다. B는 스트레스를 풀기 위해 오이를 먹고 쉬는 것을 선호하며, 아이를 키우는 것이 순수하고 사랑스러운 경험이라고 설명합니다. 미래에는 변호사가 되고, 가족을 가지며, 모델 일을 다시 시작하고자 하는 계획을 공유합니다. B는 10대들에게 어린 시절을 즐기고, 스스로 결정을 내리며, 자신을 사랑하는 것이 중요하다고 조언합니다. 또한, 숨기려는 것은 결국 드러나게 되므로 정직함의 중요성을 강조합니다."
test_380,"A와 B는 우표 수집에 대한 대화를 나누고 있다. B는 열 살 때부터 우표 수집에 관심을 가지고 9년 동안 즐겨온 취미라고 말한다. A는 우표 수집에 대한 B의 오랜 관심에 놀라움을 표한다. B는 최초의 우표가 1840년 영국에서 발행되었으며, 그 우표에는 빅토리아 여왕의 그림이 그려져 있다고 설명한다. A와 B는 우표 수집이 부자들이나 누릴 수 없는 많은 즐거움을 준다는 데 동의한다."
test_381,"대화 요약:

A는 Tom에게 녹색 제품을 판매하는 회사의 매니저로서 성공한 사업가가 된 것에 대해 칭찬한다. Tom은 가족이 1986년 캐나다로 이민을 갔고, 친구들의 부모님들이 성공한 사업가였기 때문에 웹 디자인 회사를 시작하게 되었다고 설명한다. 현재 회사의 자금은 약 50명으로부터 1,800만 달러를 모아 마련했으며, 회사의 6%를 소유하고 모든 직원들에게 지분을 제공하고 있다. Tom은 생활에서 자전거를 많이 타는 등 간단한 녹색 생활을 하고 있지만 완벽하지는 않다고 말한다. 또한 처음에는 모든 제품을 직접 만들었지만, 지금은 다른 회사들과 협력하여 소재, 제품 개발 및 디자인을 제공하고 있다고 언급한다."
test_382,"북런던에서 경찰이 네즈든의 보행자 지하도에서 발견된 40대 남성의 사망 사건을 살인으로 보고 수사 중이다. 이 남성은 새벽 1시 30분쯤 네즈든 레인에 있는 술집인 레벨 원 클럽을 떠난 후, 북순환도로 아래의 보행자 지하도에서 여러 차례의 두부 외상으로 사망한 채 발견되었다. 지하도 입구 근처에 두 명의 여성과 술에 취한 남성이 있었던 것으로 추정되며, 이들이 사건과 관련이 있을 가능성이 있다. 경찰은 이들을 포함한 사건 관련자들을 찾고 있다."
test_383,"친구 결혼식 참석을 위해 Sherry가 내년 여름에 퀘벡 주로 여행을 간다. 몬트리올에서 5일 정도 머무를 계획이며, 몬트리올이 퀘벡 주의 수도인지 묻는다. Bob은 퀘벡 시티가 수도이며, 몬트리올은 아름다운 도시라고 설명한다. 프랑스어가 주 언어지만 영어로도 소통이 가능하다고 알려준다. Sherry는 퀘벡 시티에 대해서도 물어보고, Bob은 퀘벡 시티가 오래된 아름다운 도시라고 설명한다."
test_384,"제안과 계획 수립에 대한 대화. A는 학생 센터에 수영하러 가자고 제안하지만, B는 리포트 제출로 인해 시간이 없다며 거절한다. A는 한 시간만 수영하자고 재제안하고, B는 시간이 안 된다며 거절한다. A는 그릴에서 저녁을 먹고 도서관에 가자고 제안하고, B는 이에 동의한다. 둘은 집에 들른 후 그릴에서 6시에 만나기로 계획한다."
test_385,"A는 아직도 허리가 아프다는 B의 말을 믿지 못하겠다며, 의사 선생님이 준 약을 먹으면 이미 나았을 것이라고 말한다. B는 약을 하루에 세 번씩 꼭 챙겨 먹어야 한다고 의사 선생님이 말씀하셨다고 대답한다."
test_386,"A는 B에게 휴대폰이 안 터져서 새 컴퓨터를 사서 대출금을 갚아야 하니 200위안을 빌려달라고 요청한다. B는 A의 상황을 듣고 그 정도면 충분하냐고 묻고, A는 그렇다고 답한다. B는 A에게 돈을 빌려주는 것에 대해 신경 쓰지 말라고 하며, 둘 다 조금씩 돈을 모아야 한다고 말한다. A는 B의 말에 동의하고 나중에 돈 생기면 꼭 갚겠다고 약속한다. B는 급하게 갚지 않아도 된다고 하며 가지고 있을 때 천천히 갚으라고 말한다."
test_387,"A는 글씨를 잘 쓰고 싶어서 몇 주 동안 연습했지만, 변화가 없어 실망하고 있었다. B는 글씨 연습이 오래 걸리는 과정이라며 A를 다독인다. A는 B의 말에 동의하며 더 이상 불평하지 않고 매일 꾸준히 연습하기로 결심한다. B는 A의 결심을 응원하며 '뜻이 있는 곳에 길이 있다'라는 말로 A를 격려한다. 결국 A는 꾸준한 연습을 통해 목표를 이루기로 결심한다."
test_388,"A는 B가 속눈썹 컬러를 사용하는 것을 보고 두려워하며 원시적인 고문 도구 같다고 표현한다. B는 A를 겁쟁이라고 놀리며, 단순히 속눈썹을 올리는 것뿐이라고 설명한다. A는 여전히 눈꺼풀이나 눈을 다칠까 걱정한다."
test_389,"고객은 주말에만 운전 강좌에 참여할 수 있으며, 해당 요일에 진행되는 코스를 문의했다. 직원은 주말 코스가 있으며 매주 토, 일 아침 8시에 시작한다고 안내했다. 고객은 강사들의 경력과 하루 훈련 시간, 훈련 차량의 정원 등을 추가로 문의했고, 직원은 강사들의 우수한 경력과 하루 총 5시간의 훈련, 훈련 차량 당 2명의 강사와 3명의 학생 배치를 설명했다. 고객은 만족감을 표현하며 대화를 마쳤다."
test_390,"A는 B에게 자신이 피아노를 배우고 싶다고 말하고, B는 자신이 배우고 있는 훌륭한 피아노 선생님에 대해 소개한다. A가 그 선생님에게 배우고 싶다고 하자, B는 이번 토요일에 같이 가자고 하며 A를 초대한다. A는 B에게 감사의 말을 전한다."
test_391,"면접관은 지원자의 강점과 약점, 미래에 대한 목표를 질문하며 지원자가 회사에서 잘 적응할 수 있을지 판단하기 위해 대화를 나눴다. 지원자는 혼자서도 팀에서도 잘 일할 수 있는 능력을 강점으로, 처음에는 약간 긴장하는 것을 약점으로 언급했다. 또한 5년 후에는 안정적인 수입원을 가지며 일에 대한 이해를 더 깊게 하고 싶다고 말했다. 면접관은 지원자가 회사에서 찾고 있는 인재상에 부합한다고 판단하며 대화를 마무리했다."
test_392,"Stephanie은 George에게 몸이 안 좋고 머리가 심하게 아파서 피곤하다고 말한다. 병원에 가봐야 하지만 마감 임박한 보고서를 완성해야 한다. George는 Miss Jenkins에게 제출 기한을 금요일로 연기할 수 있는지 문의해보라고 제안한다. Stephanie은 잘 자면 나아질 것 같다고 말하고, George는 보고서 작성에 도움이 필요하면 언제든지 말하라고 한다."
test_393,"대화자 A는 대화자 B에게 창밖을 보라고 권유하며 호수에 얼음이 얼어 많은 사람들이 스케이트를 타고 있다고 말한다. B는 그럴 기분이 아니라고 답하며 도시로 돌아갈 시기를 묻는다. A는 1월 3일 전에는 돌아갈 수 없으며, 시골 호텔에서 크리스마스를 보내는 것은 B의 아버지가 원한 것이라고 설명한다. B는 뉴욕에 있고 싶다고 표현하며 파티에 초대받았다고 말한다. A는 B의 아버지가 은행에서 열심히 일하기 때문에 조용한 크리스마스가 필요하다고 말하며 자신도 요리를 하지 않아도 되어 좋다고 말한다. B는 이번 크리스마스가 가장 지루할 것이라고 말하며 A는 B를 진정시킨다."
test_394,"A와 B는 지난 주말에 했던 일들에 대해 이야기한다. B는 친구 집에 갔다가 댄스 파티에 갔지만 사람이 너무 많아서 별로였다고 한다. A는 토요일에 TV 보고 쇼핑을 하고, 일요일에는 테니스를 쳤다고 한다. B는 이번 주말에 A와 테니스 시합을 할 수 있는지 물어보고, A는 물론이라고 대답한다."
test_395,"A는 B에게 50달러를 빌려달라고 요청한다. B는 A가 언제 갚을 것인지 묻고, A는 직업이 있다면 문제없을 것이라고 대답한다. B는 A가 현재 직업이 없다는 점을 지적하고, A는 매일 취업 사무소에 가고 있다고 설명한다. A는 집에서 농장 일을 하는 것을 싫어하며, 여기서 자신이 좋아하는 직업을 찾고 싶다고 말한다. B는 A에게 집에 가는 것을 제안하지만, A는 그것을 거절하고 운이 필요하다고 말한다. 결국 B는 A에게 돈을 빌려주기로 하고, A는 감사하다고 대답한다."
test_396,"식당의 드레스 코드를 지키기 위해 손님이 재킷과 넥타이를 준비해야 하는 상황이었다. 손님은 호텔로 돌아가 자신의 재킷과 넥타이를 가져오기로 했고, 이로 인해 회의 시간을 9시 30분으로 미루기로 했다. 식당 측은 가능한 빨리 돌아오겠다고 하며, 회의에는 총 15명이 참석할 예정임을 알게 되었다."
test_397,"어린 아이들은 처음으로 혼자 떨어져 본 경험으로 인해 처음에는 힘들어했지만, 금방 적응하고 마지막 날에는 집에 가기 싫어할 정도로 즐거워했다. 캠프에서는 성 방문 견학, 요트, 등반, 승마 등의 활동과 마지막 날 바비큐 파티가 있었으며, 모두 내년에 다시 만나기로 약속했다."
test_398,"아빠는 직장을 그만두고 컴퓨터 프로그래밍 사업을 시작하려고 생각하고 있으며, 휴가를 활용하여 관련 수업을 듣고 싶어한다. 아빠의 사업에 딸이 컴퓨터 전공 지식을 바탕으로 도움을 줄 수 있을 것이라는 기대가 있다."
test_399,전화하는 사람은 클락 교수에게 자신이 아침 문학 수업의 학생인 칼리나라고 소개한다. 클락 교수는 전날 차로 나무를 들이받아 뇌진탕이 있지만 이번 주만 학교를 빠질 것이라고 말한다. 클락 교수는 빠진다고 알려줘서 고맙다고 말하고 다음 주에 보자고 한다.
test_400,"세입자는 집주인과 수리 비용을 둘러싼 분쟁을 겪고 있다. 집주인은 수리 요청에 대해 느리게 대응하며, 세입자는 이전에 거실 창문과 세탁기를 고친 비용을 집세에서 공제했다. 이에 집주인은 화가 나 수리 비용을 지불하지 않겠다고 한다. 세입자는 이 상황이 공평하지 않다고 생각하며, 어떻게 해야 할지 조언을 구하고 있다."
test_401,"대화 요약: 손님은 터너 인테리어에서 L/C를 수령하러 왔고, 이는 사이유리 베즈, 도쿄, 일본으로 향하는 수출 L/C임을 확인했다. 손님은 간단한 서명만 하면 되었고, 모든 절차가 완료되어 감사의 인사를 나누고 대화를 마쳤다."
test_402,A는 자신의 지갑을 잃어버려서 찾고 있다. B는 A가 마지막으로 가지고 있던 곳부터 찾아보자고 제안한다. A는 집을 나설 때 가지고 있었고 핫도그를 사러 갈 때도 가지고 있었다고 말한다. B는 핫도그 가판대로 다시 가보자고 한다.
test_403,"A는 지난 주 내내 설거지를 했다고 말하며, B에게 이번 주 설거지를 부탁했다. B는 A가 설거지를 잘한다고 답했지만, A는 번갈아 가며 하는 것이 좋다고 주장하며 이번 주는 B가 설거지를 해야 한다고 말했다. 결국 B는 A의 요청을 받아들이고 이번 주 설거지를 하기로 했다."
test_404,"A와 B는 서로에 대한 감정을 확인하고 싶어하는 관계에 있다. A는 이 관계가 어디로 가고 있는지 알고 싶다고 말하며, 자신이 B를 사랑하기 때문에 알아야 한다고 표현한다 B는 A가 멋진 사람임을 인정하며, A의 질문에 대해 자신이 A를 너무 사랑한다고 답한다. A는 B의 대답에 기뻐하며, 서로 사랑한다는 것을 확인하고 긴장을 풀기로 한다."
test_405,"대화 요약:
A와 B는 현재 정부가 직면하고 있는 여러 사회 문제에 대해 이야기합니다. B는 실업이 이러한 사회 문제의 주요 원인이라고 언급하고, A는 어떤 정부라도 실업을 효율적으로 해결하는 것은 매우 어렵다고 동의합니다. 두 사람은 실업 문제가 사회 문제를 야기한다는 점에 대해 의견을 같이 합니다."
test_406,"A와 B는 다음 주 토요일에 A의 가면무도회 파티 의상 쇼핑을 함께 하기로 한다. 파티는 A의 직장 동료가 주최하며, 컨트리 테마로 진행된다. B는 카우걸이나 캐나다 기마경찰 의상을 추천하고, 필요한 가게를 알고 있으니 걱정하지 말라고 A에게 말한다. 결국 두 사람은 10시에 쇼핑센터에서 만나기로 한다."
test_407,"베이징의 밤문화를 즐기려는 A와 B는 춤추러 가는 것을 주제로 대화를 나눈다. B는 근처의 좋은 나이트클럽을 추천하고, A는 그 제안을 받아들인다. 그들은 댄스홀의 분위기와 밴드의 음악에 만족하며, 특히 록 앤 롤 연주가 뛰어난 'Four and One' 밴드를 칭찬한다. A는 빠른 음악에 맞춰 춤추는 것을 좋아하고, 특히 디스코 댄스를 좋아한다고 말한다. B는 A가 디스코 댄스를 좋아할 것이라고 동의하고, 함께 디스코를 추자고 제안한다. 그러나 A는 잠시 쉬기로 하고, B는 마실 것을 가져오기로 한다."
test_408,"A는 농장을 운영하며 살고 싶은 꿈을 B에게 공유했다. B는 농장 운영이 힘든 일이라며 A의 결심을 걱정했지만, A는 일찍 일어나 몸을 움직이는 것이 좋고 현재의 사무직에서 벗어나 새로운 도전을 해보고 싶다고 했다. B는 농장 생활에 흥미를 보이며 휴가 때 농장에서 지내며 도시의 번잡함에서 벗어나고 싶다고 했다."
test_409,"고객은 탭에 무엇이 있는지 물어보고, 직원은 하이네켄과 버드와이저가 있으며 1+1 해피아워 스페셜이 있다고 알립니다. 고객은 하이네켄 한 파인트와 버드 반 파인트를 주문하고, 에피타이저로 나초와 모짜렐라 스틱을 추가합니다. 직원은 총 80달러라고 알려주고, 고객은 가격에 놀라 주문을 잠시 멈춥니다."
test_410,"Mary는 Ann과 해변 여행 계획 취소 문제로 크게 싸웠으나, 시간이 지나고 나서 그것이 큰 문제가 아니었다는 것을 깨달았다. Mary는 자신의 감정을 앞세워 Ann에게 화를 냈지만, Ann의 남자친구와의 계획도 이해하고 자신의 이기적인 면을 반성하게 되었다. 결국 Mary는 Ann에게 전화하여 화해하기로 결정했다."
test_411,"1층에 중국 및 외국 담배를 구매할 수 있는 가게가 있으며, 그곳에서 기념품도 구매할 수 있다. 화장실은 복도 끝에 위치해 있다."
test_412,"대화에서는 영화 'Fast Food Nation'에 대한 이야기와 미국의 패스트푸드 문화에 대한 대화가 이루어진다. 대화자들은 미국이 '패스트푸드 네이션'이라는 이름에 걸맞다고 동의하며, 패스트푸드가 편리함을 추구하는 미국인의 생활 방식을 반영한다고 말한다. 또한, 패스트푸드점에서도 건강한 메뉴 옵션을 제공하지만, 사람들이 이를 잘 받아들이지 않을 것이라는 점에 대해 이야기한다. 결국, 미국인들은 패스트푸드를 최대한으로 잘 활용할 방법을 찾아야 한다는 결론에 도달한다."
test_413,"A는 B에게 문에서 비켜서 다른 승객들이 내릴 수 있도록 해달라고 요청한다. B는 요금과 목적지에 대해 질문하고, A는 요금 1달러를 상자에 넣으라고 하며 뒤쪽으로 이동하라고 안내한다. B는 목적지에 대해 다시 한번 확인하고, A는 해당 버스가 목적지까지 간다고 하며 빨리 타라고 재촉한다. B는 도착지에 도착하면 알려달라고 요청하지만, A는 직접 확인하는 것이 좋다고 대답한다."
test_414,"A와 B는 9-11 테러 공격이 있었던 날에 대한 경험을 나누고 있다. A는 뉴욕시 부모님 댁에 있었으며, 납치된 비행기가 쌍둥이 빌딩에 충돌하는 것은 보지 못했지만 부모님 아파트에서 연기를 보았다고 한다. 반면 B는 베이징에 있었다. A의 삼촌은 세계 무역 센터에 있었는데, 불행히도 시간 내에 대피하지 못해 희생되었다. A와 B는 납치범들이 생명에 대한 존중이 없었다는 점과 테러 행위가 계획적이고 치명적이며 모든 사람의 삶에 영향을 미칠 수 있다는 점에 대해 이야기한다."
test_415,"Karl과 그의 아내는 옆집으로 새로 이사 온 이웃 Chuck Jones에게 인사를 한다. Karl은 시카고 출신으로 더 조용하고 넓은 곳에서 살기를 원해 미네소타로 이사 오게 되었다고 말한다. 이에 Chuck은 이 마을은 작은 마을이라 모두 이웃처럼 지낸다며, 이 마을에 대해 소개한다."
test_416,"손님는 완숙으로 삶은 달걀과 진하게 구운 토스트, 오렌지 주스를 나중에 받기로 주문했다. 추가로 필요한 것은 없다고 하여 주문이 마무리되었고, 직원은 주문을 확인하고 잠시 후에 음식을 제공하겠다고 답했다."
test_417,"A는 B에게 지금 시간이 10시라서 너무 피곤하니 먼저 자겠다고 한다. B는 A가 자는 동안 조금 더 깨어있으면서 가계부를 보려고 한다. A는 B에게 오늘 밤에 강아지가 지하실에 내려가지 못하게 문을 닫아달라고 부탁하고, B는 알았다고 대답하며 A가 잘 자고 좋은 꿈 꾸길 바란다."
test_418,A는 다음 주 회의 전에 Jane과 만나서 아이디어를 같이 얘기하고 싶다고 제안했다. B는 이번 주에 여유가 많다고 답하며 A의 제안인 다음 주 월요일 오후 3시에 만나는 것에 동의하고 일정에 적어둘 것이라고 말했다.
test_419,"손님이 여자친구에게 줄 선물을 찾기 위해 도움을 요청했고, 직원은 5주년 기념일에 프로포즈할 것을 권유했다. 손님은 긴장했지만 결국 프로포즈를 결심하고 약혼반지를 보러 갔다."
test_420,"구매자는 오래된 Ford Pinto를 새 차로 교환하고자 한다. 판매자는 현재 할인 중인 Ford Focus를 추천한다. Ford Focus는 사이드 에어백, 파워 스티어링과 파워 윈도우, 선팅된 창문과 자동 또는 수동 변속기를 선택할 수 있으며, 연비가 좋고 강력한 2.5리터 터보차저 엔진이 들어가 있다. 가격은 0% 다운페이먼트와 첫 1년간 무이자로 매우 저렴하다."
test_421,"애플 회사에서 Ballam에게 컴퓨터 엔지니어 직책을 제안하기 위해 전화를 했다. Ballam은 초봉 3,000위안이 낮다고 생각하고 가족을 부양하기 위해 월 4,000위안을 요구한다. 애플 회사는 그의 요구를 받아들여 월 4,000위안으로 계약을 하고 Ballam은 다음 주 월요일부터 근무하기로 한다."
test_422,"A는 B에게 이 계약을 통해 그룹 회사들의 자금 통합 이체와 중앙 관리가 가능해져 내부 감독과 관리가 수월해진다는 혜택을 설명하고, B는 현재 내부 회계의 문제를 언급하며 A의 제안에 관심을 보인다. A는 B가 확신한다면 내일 서류 작업을 진행하자고 제안한다."
test_423,"A는 B에게 배고프다고 말했지만, B는 이미 먹었음에도 불구하고 부족했다고 A가 답했다. B는 저녁에 남은 음식이 없다고 했고, A는 간식을 먹어야겠다고 생각했다. B는 샌드위치를 만들어 보라고 제안했고, A는 땅콩버터와 잼 샌드위치를 만들기로 결정했다."
test_424,"환자가 의사의 지시로 혈액 검사를 받게 되었다. 의료진은 환자의 왼쪽 소매를 걷고 혈액 검사를 진행하였다. 이번 검사는 백혈구 수치를 확인하기 위한 것이며, 백혈구 수치가 높으면 감염이 있을 가능성을 알 수 있다. 환자는 혈액 채취 과정에서 약간의 따끔거림을 느꼈지만, 의료진의 숙련된 처리로 검사는 금방 끝났다."
test_425,"전기가 나갔을 때 대처 방법 안내. Steven이 전기가 나갔다며 Sellers씨에게 연락했다. Sellers씨는 Steven에게 손전등을 가지고 지하실로 가서 차단함을 열어 퓨즈가 나간 게 있는지 확인하라고 안내했다. 나간 퓨즈는 검정색이고 탄 냄새가 난다고 설명했다. 나간 퓨즈를 풀어서 지하실 선반에 있는 좋은 퓨즈로 교체하라고 말했다. Steven은 안내대로 해보기로 하고, 해결되지 않으면 다시 전화하겠다고 답했다."
test_426,"대화자 A는 대화자 B에게 Ms. Connors와의 문제로 도움을 요청한다. 식기세척기 수리를 하고 그 비용을 월세에서 공제했더니, 월세를 전액 내지 않았다고 쫓아내겠다고 협박한다는 것이다. B는 A와 함께 Ms. Connors와 대화하며 문제를 해결하기로 한다."
test_427,"대화 당사자는 사무실에서 발생한 여러 문제들에 대해 이야기하고 있다. 에어컨이 작동하지 않고, 화장실 변기가 자주 막히며, 전기 배선 문제도 있어 차단기가 자주 내려간다. 또한 사무실 밖의 배수구가 막혀 주차장에 물이 차오르는 문제도 있었다. 이러한 문제들을 해결하기 위해 수리공을 부르기로 결정했고, 수리공은 에어컨, 변기, 전기 배선, 배수구 등 다양한 문제를 해결할 예정이다."
test_428,"A와 B는 안부를 묻다가 둘 다 해고되어 일을 찾고 있다는 것을 알게 된다. A는 대출금을 갚을 수 있는 일이라면 무엇이든 하려고 한다. B는 A에게 전기공 견습생 프로그램에 지원해보는 것을 제안하고, A도 관심이 있어 함께 자세히 알아보기로 한다."
test_429,"A와 B는 사장님과 꽤 좋은 업무 관계를 유지하고 있지만, 어려운 시기도 있었다. 사장님의 강점은 정보 분석 능력이 뛰어나고, 어려운 상황에서도 옳은 결정을 내리는 데 능숙한 것이다."
test_430,"Tang 씨는 현재 Youth International Travel Agency에서 관광 가이드로 일하고 있으며, 이번 주는 휴가 중이다. 그는 영어와 러시아어 두 가지 외국어를 구사할 수 있으며, 관광 가이드 자격증 사본을 가지고 있다."
test_431,"손님이 금 시계를 구매하고 싶어하고, 직원은 손님의 요구에 따라 순금 시계를 추천한다. 손님은 시계의 가격이 비싸다고 생각하여 가격 흥정을 시도하지만, 직원은 가격이 이미 적당하며 최근에 가격을 내린 상태라고 설명한다. 손님은 결국 시계를 구매하기로 결정한다."
test_432,"A씨의 딸 Maria가 열이 많이 나서 병원에 데려가야 하는데, 그 시간에 아들 Ken을 Sara가 잠시 맡아줄 수 있는지 물어보는 내용이다. Sara는 저녁 시간에 방해받지 않는다며, Ken을 자신의 집으로 데려가 저녁을 먹이고 자신의 아들과 같이 게임을 하게 해주겠다고 한다. A씨는 Sara의 도움에 감사함을 표한다."
test_433,A미는 대학을 1998년에 졸업한 후에 처음으로 총지배인의 비서로 일했으나 2년 후에 인사부장으로 승진했다. 그녀는 전반적인 인사 업무를 담당했으나 급여가 적어서 1년 후에 영업부로 지원하여 지금 거기서 일하고 있다.
test_434,동생이 살이 많이 쪄서 누나가 다이어트에 관해 조언을 해준다. 누나는 동생에게 운동과 식이요법을 권한다. 동생은 와후 다이어트 중이라고 말하지만 누나는 그것이 이상하다고 생각한다. 누나는 동생에게 패스트푸드를 줄이고 과일과 채소를 많이 먹으라고 조언한다.
test_435,브라운 컬리지의 그렉 손더스가 메리에게 연락하여 그녀의 우수한 학점과 시험 점수를 칭찬하고 대학 스포츠에 관심이 있는지 물었다. 메리는 농구 및 배구를 했으며 고등학교에서 농구 기록을 세웠다고 답했다. 손더스는 메리에게 깊은 인상을 받았으며 곧 결정되면 알려주겠다고 말했다.
test_436,"손님이 택시를 잡아 기차역으로 가려고 하고, 기사는 약 20분 정도 걸릴 것이라고 말한다. 손님은 출퇴근 시간이라 교통이 복잡한지 묻고, 기사는 그렇다고 대답한다. 손님은 급하지 않으니 천천히, 신중히 운전해 달라고 요청하고, 기사는 알겠다고 대답한다."
test_437,"대화 상대인 A는 Brian에게 영어 가능 여부를 묻고, Brian은 가능하다고 답한다. A는 Brian이 영어를 어디서 배웠는지 묻고, Brian은 대학에서 배웠다고 답한다. A는 Brian의 영어 실력을 칭찬하고, Brian은 감사 인사를 전한다. 이후 A는 Brian이 미국에 온 지 얼마나 됐는지 묻고, Brian은 3주 정도 됐다고 답한다. A는 Brian의 아내가 함께 왔는지 묻고, Brian은 아내가 어제 도착했다고 답한다. A는 Brian이 캘리포니아를 방문한 적이 있는지 묻고, Brian은 없다고 답한다. 마지막으로 A는 Brian이 라스베가스를 방문한 적이 있는지 묻고, Brian은 출장으로 한 번 가봤다고 답한다."
test_438,"환자는 새로운 건강 보험 가입을 위해 연례 건강검진을 받으러 왔다. 기본 검사에는 폐, 심장, 혈액 수치, 눈, 귀, 코 검사가 포함된다. 환자는 호흡 문제를 언급하여 알레르기 검사를 받고, 필요시 천식 검사도 받을 예정이다. 혈액 검사에서는 콜레스테롤, 혈당, 백혈구 수치를 확인할 것이며, 환자는 자신의 건강 관리에 자신감을 표현했다."
test_439,"A와 B는 복권에 당첨된다면 어떻게 할 것인지에 대해 이야기한다. A는 전 세계를 여행하고 더는 일하지 않겠다고 하고, B는 가족을 위해 집을 사고 싶다고 한다. 하지만 둘 다 복권에 당첨될 가능성이 없다는 걸 알고 현실로 돌아와 술을 마시며 이야기를 마무리한다."
test_440,"A는 결혼에 대한 두려움을 B에게 토로한다. A는 자신이 결혼할 준비가 되지 않았다고 생각하며, 아직 인생의 모험을 더 즐기고 싶다고 말한다. B는 A의 결혼 상대인 Amy와의 관계와 A의 과거 발언을 상기시키며 A를 진정시키고 설득한다. B는 A가 단지 긴장한 것뿐이라고 말하며, A의 마음속 깊은 곳에서는 결혼하고 싶다는 것을 알고 있다고 설득한다. 결국 A는 B의 말에 동의하고 결혼을 결심한다. B는 A의 결정을 기뻐하며, A가 결혼을 망설였던 것에 대해 농담처럼 화를 낸다."
test_441,"A는 2,000장의 새 명함 인쇄를 요청했고, B는 서식 작성을 제안했다. A는 이전 명함과 동일하게 만들어 달라고 요청했고, B는 차이를 느끼지 못할 것이라고 답했다. A는 서식을 작성하고 이전 명함을 제출했으며, B는 일주일 후 완료를 약속했다. 그러나 A는 3일 후 완료를 요청했고, B는 추가 비용으로 가능하다고 답했다."
test_442,"대화 당사자들은 브라이언의 여행 준비와 관련된 일정을 논의하고 있다. 브라이언은 8시 30분 출발하는 비행기를 타기 위해 6시에 친구를 데리러 갈 계획이며, 7시까지 체크인을 마쳐야 한다고 말한다. 친구는 브라이언이 데리러 오는 시간에 대해 한밤중이라고 반응하지만, 브라이언은 공항에서 전무와 미팅을 하고 공장 가는 길에 얘기할 수 있을 것이라고 설명한다. 또한, 정오에 회의가 시작되며 브라이언이 출발 전 프로그램을 챙겨줄 것이라고 말한다. 친구는 감사 인사를 전하고 이제 일을 시작하겠다고 말한다."
test_443,"A와 B는 추수감사절 저녁에 대한 대화를 나눈다. B는 다음 주에 할 일이 많아 부모님과 함께 핀란드에 가지 않고 A의 초대로 A의 집에서 추수감사절을 보내기로 한다. A는 부모님과 가족들을 초대했고, 총 열 명이 모일 예정이다. B는 초대해준 것에 대한 감사로 호박 파이를, A는 와인을 가져가기로 한다."
test_444,"존은 이번 주말 사촌의 대학 방문을 도와주기로 약속했다. 하지만 토요일에 도서관 당번이라 수잔에게 낮 동안 사촌에게 학교를 구경시켜 줄 수 있는지 부탁했다. 수잔은 토요일에 계획이 없어 도와주기로 했고, 학교 강당에서 열리는 음악 페스티벌을 추천했다. 토요일 오전 11시에 일을 가는 길에 수잔을 집에 데려다주는 계획을 세웠고, 눈보라가 오면 다시 연락하기로 했다."
test_445,"Ben에게 전달할 저녁 수업 정보가 도착했다. A는 토요일마다 야구를 보는 것에 많은 사람들이 지루함을 느낄 것이라고 말하며, 꽃꽂이 강의에 관심을 보이는 Ben을 놀린다. Ben은 사진 강좌에 관심을 보이지만 가격이 비싸서 망설인다. A는 인도 요리 강의를 추천하고, Ben은 그 수업에 자리가 남아 있는지 확인하기 위해 내일 전화해보기로 한다."
test_446,"화요일 저녁에 모두 함께 식사하러 가자는 제안에 따라 장소를 정하려는 대화. 처음에는 피자 익스피리언스를 제안했으나 이미 지난주에 갔던 곳이라 다른 곳으로 정하기로 함. 브리짓이 고기를 먹지 않아 스테이크하우스는 제외하고, 아서가 생선을 먹지 않아 킹피셔도 제외함. 캐럿츠는 이전에 몇 번 점심 식사를 했던 곳으로, 목요일엔 문을 열지 않지만 내일 저녁에 가기로 결정함."
test_447,B는 이번 토요일에 운전면허 시험을 보러 간다. B는 로스앤젤레스에서 일하게 되어 운전이 필요하게 되었다. B는 운전면허 시험에 통과하면 2016년형 혼다 어코드를 사고 싶어한다. B는 안전 기능 때문에 그 차를 선택했다.
test_448,"대화 상대 A는 갈색 케이스에 있는 특정 펜을 요청하고, 펜을 확인한 후 구매를 결정하여 카드로 결제하기로 했다."
test_449,"대화 당사자 A와 B는 당사자 B의 회사에서 주최한 기금 모금 행사에 대해 이야기한다. 이 행사는 몇몇 경쟁사들과 함께 미국 암 학회를 위한 마라톤을 후원하는 것이었다. 마라톤 참가자들은 참가비로 10달러를 지불하고, 그들이 집집마다 돌아다니며 후원자들을 찾아서 참가자들이 달린 마일 당 1달러를 약속받았다. 이를 통해 많은 기금을 모금할 수 있었으며, 이는 미국 암 학회와 후원 회사 모두에게 이익이 되었다. 이러한 행사를 후원함으로써 회사는 지역 사회에서 좋은 이미지를 얻고, 광고 캠페인만큼의 성과를 이루었다."
test_450,A는 B에게 피크 트램으로 가는 길을 물어본다. B는 퀸즈 로드를 따라가다가 힐튼 호텔에서 오른쪽으로 돌아 가든 로드를 따라 성당을 지나고 다음 신호등에서 길을 건너면 피크 트램이 바로 앞에 있다고 자세히 설명해준다. A는 감사의 말을 전하고 경로를 다시 한번 설명해달라고 부탁한다.
test_451,"손님이 백단향 부채를 구매하기 위해 가게에 방문했다. 직원의 추천으로 작은 백단향 부채 2개와 큰 백단향 부채 1개를 구매하기로 결정하고, 직원은 손님의 구매를 마무리하며 물건을 건네준다."
test_452,"대화 요약:
A는 이 회사에 큰 영향을 미치는 요인에 대해 묻고, B는 외부 요인으로는 정치적, 경제적, 사회적, 기술적 요인들이 중요하다고 언급합니다. 내부 요인으로는 인적 자원, 팀워크, 혁신 정신, 그리고 부서 간의 조정 등이 있다고 설명합니다."
test_453,"대화 요약:

A와 B는 특정 주제로 돌아가기로 결정했습니다. B는 오늘 오후 2시에 준비 회의를 시작할 것을 제안했고, A는 2시에는 불가능하지만 3시쯤에 참석할 수 있다고 답변했습니다. B는 A의 일정을 수용하고, 프로젝트에 대해 약 1년 정도의 시간이 필요할 것 같다는 A의 추정에 대해 아직 정확하지 않다는 점을 언급했습니다."
test_454,"고객은 하루 동안 머무를 예정으로 짧은 여행을 추천받고 싶어한다. 상담원은 자연 경관과 문화 경관 중 어느 쪽에 관심이 있는지 물어보고, 고객이 자연 경관에 관심이 있다고 하자 강을 따라가는 하루 코스를 추천한다. 이 코스는 아름다운 자연 경관을 감상할 수 있는 것으로 알려져 있다."
test_455,"고객은 비프버거, 프렌치프라이, 바나나 맛 밀크셰이크를 주문했으며 추가 주문은 하지 않았습니다."
test_456,"대화에서는 등불 축제의 화려한 등불들과 그 전통에 대해 이야기하고 있다. A와 B는 등불에 적힌 수수께끼와 중국 시들에 대해 관심을 가지며, 특히 큰 용 등불에 감탄한다. 이 등불은 유리로 만들어져 밝게 빛나며, 입에서 불꽃을 내뿜는 인상적인 모습을 보여준다. 등불 축제의 전통과 등불의 아름다움에 대한 관심이 주된 내용이다."
test_457,"A씨는 Tina에게 ABC 회사 면접의 첫 두 라운드를 통과했고 다음 주 월요일에 최종 라운드를 보러 갈 예정이라고 기쁜 소식을 전했습니다. B씨는 A씨를 축하하며 오늘 저녁에 축하하러 가자고 제안했고, A씨도 동의했습니다. 두 사람은 B씨의 사무실 건물 아래 카페에서 5시에 만나기로 했습니다."
test_458,"팀과 카렌은 늦은 시간으로 인해 헤어져야 하는 상황에 대해 이야기합니다. 팀은 시간이 늦었으니 가야겠다고 말하고, 카렌은 만나서 반가웠다고 답합니다. 팀은 다시 만날 수 있기를 바라며, 카렌도 그렇게 되기를 희망합니다. 마지막으로 서로 잘 지내라고 인사하며 대화가 마무리됩니다."
test_459,"A와 B는 부서 회의가 10시에 있다는 것을 확인했다. B는 문구류와 스테이플러, 가위, 파일 같은 물건을 사야 하며, 리셉셔니스트인 Julie에게 받을 수 있다는 것을 알게 되었다. 또한, B는 복사도 해야 하며, 복사기는 A의 사무실 근처에 있다는 것을 알게 되었다. A는 사무실 환경에서 일하는 것을 좋아하며, 모두 친절하다고 말했다. 부서 회의에서는 각자의 업무 진행 상황을 공유하고, 추가 업무를 할당하며, 제안 의견을 나누게 된다."
test_460,"대화 요약: A는 목욕탕의 많은 버튼들로 인해 사용법을 모르고 어려움을 겪고 있다. B는 설명서를 참고하라고 안내하지만, A는 여전히 이해하지 못해 직접 방으로 와서 보여줄 것을 요청한다. 또한, A는 다른 스위치 사용법도 함께 알려달라고 요청한다."
test_461,"대화에서는 베스트셀러 책의 위치와 기차에서 읽기 좋은 최신 일본 소설 추천에 대한 내용이 담겨있다. A는 베스트셀러 책이 어디 있는지 묻고, B는 첫 번째 통로에 있다고 안내한다. 이어서 A는 기차에서 시간 때우기 좋은 책을 추천받길 원하며, 소설을 좋아한다고 밝힌다. B는 최신작으로 유명한 일본 소설가의 책을 추천하고, A는 감사의 인사를 전한다."
test_462,"A의 친구가 남미에서 온 78세의 새로운 이민자로 학교를 다닌 적이 없어 글자를 읽지 못하는데, A는 읽기부터 천천히 가르쳐보려고 한다. B는 A의 부탁으로 친구의 글자 교육을 도와주기로 하며, 저녁 식사로 보답받기로 한다."
test_463,"대화 요약: A는 예약 노트를 제시하며 티켓을 받으러 왔다고 말하고, B는 예약을 확인한 후 티켓 예약 양식을 작성하라고 안내한다. A가 작성한 양식을 제출한 후, 티켓 가격을 묻고 카드 결제를 요청한다. B는 티켓 가격이 800달러라고 알려주고 카드 결제를 진행한다."
test_464,"A는 오늘 저녁에 B와 같이 요리하기를 제안했다. A는 건강한 요리 방법을 가르쳐주고 싶어하며, B는 요리에 서툴지만 매운 치킨 커리 레시피에 동의했다. A는 오늘 아침에 재료를 다 사왔고, 먼저 야채를 씻고 작게 자르고, 팬에 기름을 두르고 야채를 볶기로 했다. 닭고기는 따로 볶고, A가 밥을 준비하기로 했다. B는 흰쌀밥을 선택했다."
test_465,"부스에 있는 두 전화기의 사용법을 묻는 대화. IC 전화기는 IC 카드를 슬롯에 넣고 화면에 신호가 나타나면 통화할 번호를 누르면 되고, 동전 전화기는 수화기를 들고 신호를 기다린 후 번호를 누르고 동전을 투입한 후 '말하기' 버튼을 누르면 통화 가능."
test_467,"친구 A가 돈이 부족해서 중고 컴퓨터를 살까 고민 중이라고 말하자, 친구 B는 자신의 중고차가 아직 상태가 좋고 가격도 저렴하다고 말하며 중고 물건 구입 시 상황에 따라 다르기 때문에 주의해야 한다고 조언한다."
test_468,"대화자 A는 중국에서는 식당에서 남은 음식을 포장해 가는 것이 흔하지 않다는 대화자 B의 말에 낭비라고 생각한다. 하지만 B는 중국에서는 많이 주문하는 것이 전통이라고 설명한다. 또한 B는 A가 족발을 먹어본 것에 놀라며, A는 새로운 음식을 시도해보는 것에 대해 열린 마음을 가지고 있지만, 족발은 한 번으로 충분하다고 답한다."
test_469,"해리는 중국의 길거리 시장에서 가방을 샀다가 바가지를 썼다. 동료들의 말에 의하면, 흥정을 했으면 더 싸게 살 수 있었다고 한다. 친구는 중국 시장에서 바가지 쓰지 않으려면 물건의 진짜 가치를 미리 알아보거나, 슈퍼마켓 가격을 참고한 후 흥정하는 것이 좋다고 조언한다."
test_470,"대화 상대는 본인의 영어 실력에 대해 이야기한다. 대화 상대는 영어 말하기와 쓰기에 꽤 능숙하다고 생각하며, 중학교 때부터 영어를 공부하기 시작했고 대학에서는 영어를 전공했다고 말한다. 또한 프랑스어와 일본어도 조금 할 수 있다고 덧붙인다."
test_471,"고객은 새 당좌예금과 저축예금을 개설하고자 하며, 직불카드가 포함된 당좌계좌를 원한다. 직원은 서류가 모두 정상이며, 계좌 개설 후 약 3주 후에 카드와 핀 번호를 우편으로 받을 것이라고 알려주었다. 고객은 오버드래프트 최대 한도와 벌금에 대해 물었으며, 직원은 최대 한도가 $1000이고, 벌금은 계좌에 대해 1% 이자를 내는 것이라고 답했다. 고객은 이에 동의하고, 계좌 개설 절차를 마쳤다."
test_472,"고객은 특별 할인 쿠폰을 받기 위해 설탕 3봉지 구매 시 쿠폰 1장을 받을 수 있는지 문의했다. 쿠폰은 다음 구매 시 10펜스 할인을 받을 수 있으며, 슈퍼마켓의 모든 상품에 사용 가능하다. 쿠폰의 유효기간은 최소 1년으로, 고객은 9봉지의 설탕을 구매하여 쿠폰 3장을 받기로 결정했다."
test_473,"A는 B에게 Johnny를 돌봐준 것에 대해 감사를 표한다. 또한 부엌이 깨끗하다며 B에게 칭찬을 하고, 청소를 했는지 묻는다. B는 설거지를 했다고 답하지만, A의 질문에 당황하며 얼버무린다. A는 B에게 쓰레기도 버렸는지 묻고, B는 밖에 놨다고 답한 뒤 급하게 자리를 뜨려 한다. A는 B에게 도와줘서 고맙다고 다시 한번 인사를 한다."
test_474,"손님 B는 기차표를 잃어버려서 A에게 도움을 요청한다. A는 B의 목적지와 출발 시간을 물어보고, B의 정보를 입력하여 표를 재발급하려고 하지만 정보가 없다고 말한다. B는 상하이 도착 시간에 맞춰야 하는 상황이라 A에게 도움을 요청하고, A는 구매 증빙이 없으면 새로운 표를 구매해야 한다고 말한다. B는 10시간 동안 하드 시트로 여행할 수 없다고 말하고, A는 소프트 슬리퍼를 추천한다. B는 지갑을 열어 돈을 확인하려 하지만 지갑이 없어 당황하고, 결국 다른 주머니에서 지갑을 찾아낸다. B는 419.6위안이 있어 A에게 지불하고, A는 사랑을 위해서라면 뭐든 해주겠다며 4마오를 그냥 넘어간다. B는 A에게 감사 인사를 전한다."
test_475,"A는 다음주에 뉴욕에 갈 예정이고, B는 A에게 '웰빙 인 더 에어' 프로그램을 추천한다. 이 프로그램은 술이나 고기, 기름진 음식을 피하고, 물과 과일 주스를 많이 마시며, 가벼운 '웰빙 메뉴'의 음식을 먹는 것이다. 또한, 이 프로그램은 간단한 운동도 포함하고 있다. B는 이 프로그램을 이용하고 뉴욕에 도착했을 때 시차 적응을 잘했지만, 돌아올 때는 이 프로그램을 이용하지 않아 시차 적응에 어려움을 겪었다. 반면, 비행기에서 샴페인을 많이 마시는 사람들도 있었지만, B는 미네랄워터를 선택했다. 결국, 시차 적응을 잘하기 위해서는 미네랄워터와 운동이냐, 아니면 샴페인과 시차적응이냐의 선택의 문제라고 B는 말한다."
test_476,"Tom과 Mary의 대화에서 Tom은 Mary에게 John의 파티에 갈 것인지 묻지만, Mary는 일자리를 구해서 갈 수 없다고 답한다. 그 일자리가 맥도날드에서의 임시직이며 더 나은 기회를 찾고 있다는 것을 알게 된 Tom은 자신의 아버지 회사에서 여름 기간 동안 일할 직원을 구하고 있음을 알려준다. Mary는 흥미를 보이며 그 일에 대해 더 알아보고 싶어하고, Tom은 자신의 아버지에게 Mary를 추천해주겠다고 약속한다."
test_477,"대화자 B는 길을 건너다 차에 치일 뻔한 사고를 겪었다. 다행히 재빨리 피했지만, 차 번호를 적을 새도 없이 차가 사라져 경찰에 신고하지 못했다. 이런 위험한 운전자는 경찰이 처벌해야 하며, 앞으로는 길을 건널 때 더욱 주의해야겠다고 생각했다."
test_478,Summary: 앵커 A는 자전거 가게를 새로 설립한 Steven Kayne을 인터뷰했다. Kayne은 항상 자전거를 좋아했지만 큰 회사에서 세일즈맨으로 일할 때는 취미를 즐길 시간이 없었다. 그래서 사업을 시작할 수 있을 만큼 돈이 모이자 은행에서 사업 대출을 받아 자신의 자전거 가게를 설립했다. 그는 이제 자신의 시간을 스스로 결정할 수 있어서 좋다고 말했다. 정해진 운영 시간은 없지만 장사가 평소보다 느리면 일찍 퇴근할 수 있다고 말했다. 그는 자전거를 좋아하는 친구 두 명을 고용하여 가게를 운영하고 있다.
test_479,"A와 B는 자신들의 나이에 대해 대화한다. A는 B에게 그 사람들은 우리처럼 좋은 중년 부부라고 말하지만, B는 우리랑 같다면 중년은 아니라며 반박한다. B는 중년이라는 건 인생의 가운데라는 뜻이라며 사람들이 백오십까지 살지는 않는다고 주장한다. A는 그들이 중년의 가장자리에 있는 거라고 말하지만, B는 자신이 늙었고 A도 늙어가고 있다며 그들의 중년을 부정한다. A는 B에게 당신이 원하면 이 얘기로 오후 내내 다툴 수 있다고 말한다."
test_480,"고객은 식사에 만족했고, 애플 크리스프와 초콜릿 무스 케이크 두 가지 디저트를 주문하여 친구들과 나눠 먹으려 한다. 디저트 포크 네 개와 차 네 잔을 요청했으며, 따뜻한 음료를 먼저 제공해달라고 했다. 직원은 디저트와 차를 준비하겠다고 답했다."
test_481,"두 사람은 방에서 사용할 침대, 스테레오, 책상 등을 어떻게 사용할지 정하는 계획을 세운다. 동전 던지기로 아래층 침대를 정하고, 더 좋은 스테레오를 가지고 있는 사람이 스테레오를 사용하기로 한다. 창가 책상은 창가 쪽을 더 선호하여 한 사람이 선택하고, 다른 한 사람은 아래층 침대를 사용하기로 한다. 이후 상자를 풀기로 하고, 한 사람은 먹거리를 사러 간다."
test_482,"A person wants to make a library card, so the other person provides an application form. After checking the person's driver's license, they confirm that the application is complete and inform the person about the library's rules, fines, operating hours, and restrictions. The person acknowledges understanding, and the other person thanks them for joining the library and looks forward to providing services."
test_483,"대화자 A와 B는 각자의 근무 환경에 대해 이야기를 나누고 있다. B는 보통 9시부터 5시까지 근무하지만, 대부분 그보다 더 오래 일한다고 말한다. 초과 근무 수당은 받지 않지만, 매달 고객과의 계약 가치에 따라 보너스를 받는다고 한다. B는 12시부터 1시까지 점심시간이 있고, 근무 중 커피 브레이크도 가질 수 있다고 말한다. B는 서류 작업과 컴퓨터 입력이 주 업무이며, 이메일과 네트워크로 정보를 주고받는다고 한다. B는 칸막이 사무실에서 일하지만, 그것에 대해 크게 신경 쓰지 않는다고 말한다."
test_484,"A는 B에게 세탁 방법을 묻는다. A는 처음 세탁을 하는 것이라 잘 모른다. B는 A에게 세탁기와 건조기 사용법을 알려준다. A는 비누를 너무 많이 사왔다고 말한다. B는 A에게 왜 세탁을 처음 하는지 묻는다. A는 대만에서 왔으며, 대만에서는 아이들이 공부를 열심히 해야 해서 엄마가 모든 걸 해준다고 말한다. B는 A가 혼자서 어떻게 살아갈지 걱정한다. A는 배워야겠다고 말한다. B는 A에게 기계 사용하는 법을 가르쳐 주기로 한다."
test_485,"A와 B는 안부를 묻는다. 둘 다 별일 없이 바쁘게 지냈다고 한다. A는 가야 한다고 하고, 오늘 밤에 전화하기로 약속한다. B는 알았다고 하고, 나중에 보기로 한다."
test_486,"평가 대상자인 Katie에게 평가자가 몇 가지 지적사항을 얘기하는 내용이다. 먼저, Katie는 항상 업무에 준비된 자세는 좋으나 지각이 종종 있었으나 평가자와 대화 이후에는 지각을 개선한 점을 언급했다. 다음으로, 손님이 없을 때 멍하니 서 있기보다는 평가자의 지시 없이도 보석 닦기, 거울 닦기, 캐셔기 새 종이 넣기, 박스 채우기 등 능동적으로 업무를 찾아서 하는 자세를 요구했다. Katie는 이에 대해 노력하겠다고 답변했다."
test_487,"다음 주 할아버지의 생신을 맞아 손주들이 깜짝 파티를 준비 중이다. 파티는 집에서 하기로 결정했고, 각자 피자, 샐러드, 생일 케이크를 준비하기로 했다. 선물로는 책을 사드리기로 합의했다. 파티 날짜는 목요일인 생신 당일보다 금요일이나 토요일로 의견이 모아지고 있다."
test_488,"화자 A는 자기소개를 하며 스페인 출신인 Gian Luca Donatelli이라고 소개한다. 화자 B는 자신을 핀란드에서 온 Gina라고 소개한다. 화자 A는 화자 B의 직업을 묻고, 화자 B는 잡지에 기사를 쓰는 프리랜서 기자라고 답한다. 화자 B는 현재 인터넷 서비스 공급업체에 대한 기사 조사를 위해 회의에 참석했다고 말한다. 화자 A는 자신의 이탈리아 서비스 공급업체 친구를 화자 B에게 소개해주겠다고 말하고, 화자 B는 이를 받아들인다. 이후 화자 A는 다른 인물인 로버트를 불러 화자 B를 소개한다."
test_489,"노스캐롤라이나 산에서 17년 주기로 나타나는 새들의 울음소리로 인해 시끄러워졌다. 이 소리는 여름 내내 지속되는 것이 아니라 기온이 선선해질 때, 보통 큰 폭풍 후에 나타난다. 이 새들은 주로 산 근처에 있으며, 4~5주 지나면 조용해진다. 이 소리는 하늘에서 나는 것이 아니라 주로 나무에서 나는 소리이다. 이 현상은 주로 동부에만 나타난다."
test_490,"손님이 Danny's에 들어와 칠면조 샌드위치를 주문하고, 치즈와 오늘의 수프인 채소 소고기 수프, 다이어트 콜라를 추가하여 총 9달러를 지불했다. 손님은 10달러를 지불하며 거스름돈은 가지라고 했다."
test_491,"대화자 A는 기차 시간이 2시간밖에 남지 않았다고 대화자 B에게 알린다. 대화자 B는 짐을 거의 다 챙겼지만, David에게 빌려준 재킷을 기다리고 있다고 말한다. 대화자 B는 검은색 재킷을 입고 시골에 가서 사진을 찍고 싶다고 한다. 대화자 A는 카메라를 챙겼는지 물어보지만, 대화자 B는 핸드폰으로 충분하다고 답한다. 대화자 A는 쿠키를 챙겼는지 물어보고, 대화자 B는 무겁다는 이유로 챙기지 않았지만 A의 권유로 결국 가져가기로 한다. 마지막으로 대화자 B는 David가 20분 전에 집에서 출발했으며 10분 후면 도착할 것이라고 말한다."
test_492,"A와 B는 올해 휴가에 대해 이야기하고 있다. B는 아직 휴가 계획을 세우지 못했으며, 아내가 몇 주 동안 시골에 있는 친정에 갈 예정이라고 말한다. B는 장인어른과 장모님과 함께 있는 것이 불편하여 집에 있을 생각이라고 고백한다. 한편, A는 남편과 함께 몇 주 동안 중국에 가서 나라를 둘러볼 예정이라고 말한다. B는 중국이 가볼 만한 곳이 많은 멋진 나라라고 언급하며 A의 여행이 재미있을 것이라고 기대한다."
test_493,"오늘 오후에 영화를 보러 가자는 제안으로 대화가 시작된다. 대화에서 언급된 영화는 '노인을 위한 나라는 없다'이며, 이 영화가 재밌고 오스카 상을 받았다는 이유로 가족 모두가 영화를 보러 가기로 결정한다. 영화는 오후 3시에 시작되며, 영화 관람 후 맥도날드에 가서 식사를 하기로 계획한다. 따라서 요약하면, 가족들은 오늘 오후 3시에 '노인을 위한 나라는 없다'를 보고, 그 후에 맥도날드에서 식사를 할 계획이다."
test_494,"B의 집에 도둑이 들어 가구를 훔쳐갔고, B는 경찰에 신고했지만 기다리라는 답변을 받았다. A는 B의 슬픔을 위로하고 있다."
test_495,"잭은 찰리에게 학교가 끝난 후 자신의 집에 와서 새로 산 비디오 게임을 같이 하자고 제안한다. 잭의 아버지를 6시에 공항에서 픽업해야 하므로 찰리는 2시간 정도만 있을 수 있다. 찰리는 숙제를 먼저 끝내고 가겠다고 하며, 잭이 새로 산 게임에 대해 물어본다. 잭은 그 게임은 직접 캐릭터를 만들어 외모, 옷차림, 행동을 선택할 수 있는 게임이라고 설명한다. 찰리는 흥미롭다며 한 번도 그런 게임을 해본 적이 없다고 말한다."
test_496,"A와 B의 대화에서 B는 아내와 함께 다양한 레코드를 수집하던 중 시골 음악에 관심을 갖게 되었다고 한다. 이후 라디오 방송국에서 시골 노래 프로그램이 필요하다고 생각해 제안하게 되었고, 이를 계기로 노래들의 배경을 설명하는 기사를 쓰게 되었다. 하지만 도서관에 자주 가는 것이 힘들어지자, 시골 노래 책을 구입해 자신만의 도서관을 만들기 시작했다고 한다."
test_497,"대화자 A는 Alice에게 기계를 사용하는 방법을 물어본다. Alice는 그것이 세탁기이며, 비누는 따로 넣어야 한다고 설명한다. A는 비누가 없어 구매해야 했고, Alice는 너무 많이 사지 말라고 조언한다. A는 세탁을 한 번도 해본 적이 없다고 고백하고, Alice는 놀라워한다. A는 엄마가 항상 세탁을 해주셨다고 설명하며, 자신의 나라에서는 엄마가 자녀를 위해 많은 일을 해준다고 말한다. Alice는 미국 아이들은 더 독립적이라고 언급하며, A가 캠퍼스에서 독립적으로 생활하는 것에 대해 걱정한다. A는 어려움을 인정하면서도 배워야 한다고 말한다."
test_498,"Steve와 Matthew는 오랜만에 만났다. Steve는 임대 계약이 끝나서 새로운 거주지를 찾고 있다고 말했다. Matthew는 자신의 이웃이 이사를 가는데, 관심이 있다면 집을 보러 오라고 제안했다. Steve는 동의하며 예전에 살던 동네이고 좋은 곳이라 반가워했다. Matthew는 집주인인 Mrs. Thou에게 연락하여 방문 가능한 시간을 물어보고 다시 연락하기로 했다."
test_499,"Frank는 Betsy에게 승진 소식을 전하며 친구들을 초대해 토요일에 큰 파티를 열 계획이라고 말한다. 150명 정도가 참석할 예정이며, Frank는 이제 아내가 원하던 새 집을 살 수 있게 되어 기쁘다. 그러나 가족과 보내는 시간을 잃고 싶지 않아 오랜 시간 일하지 않기를 바란다. Betsy는 축하하며 파티에 참석하고 싶다고 말하고, Frank는 가족과 보내는 시간을 중요시하면서도 승진에 대한 기쁨을 나눈다."
